time,open,high,low,close,Session VWAP,EMA 9,EMA 20,Long Fast-Alpha Signal,Short Fast-Alpha Signal,ACCEPT_STATE_DIR,EMA50,S_9_20_50,ORDERED_9_20_50,EXPANDING_9_20_50,ALIGNED_EXP_COUNT_9_20_50,SHOCK_RATIO,RECENT_SHOCK,S_10_22_55,ORDERED_10_22_55,Volume
1787322600,764.649,764.87,764.49,764.49,764.9551107547924,764.6208362178413,764.4081888793214,0,0,-1,764.5797362363954,0.06385241960858212,0,0,0,0.5723288905693531,1.0829057552931294,0.09996496315652538,0,29991
1787322900,764.47,764.61,764.22,764.379,764.9263678480025,764.5724689742731,764.4054089860527,0,0,-1,764.571864227125,0.000966741473446044,0,0,0,0.6058991457243422,1.0829057552931294,0.1512683581624117,0,45999
1787323200,764.37,764.85,764.22,764.62,764.9120081028445,764.5819751794185,764.4258462254763,0,0,-1,764.5737519044927,0.013138954729386768,0,0,0,1.007110377045196,1.007110377045196,0.13212297226271516,0,36389
1787323500,764.619,765.085,764.555,765.03,764.9111753726517,764.6715801435348,764.4833846801929,0,0,0,764.5916439866695,0.12913299170553896,0,1,0,0.8468214998842979,1.007110377045196,0.020736578156218783,0,36178
1787323800,765.02,765.3,764.89,765.065,764.916152451709,764.7502641148278,764.5387766154126,0,0,0,764.6102069675844,0.23184745079314362,0,1,0,0.6623351518948128,1.007110377045196,0.07858700452834819,0,28184
1787324100,765.06,765.83,764.95,765.815,764.9436212970179,764.9632112918623,764.6603216996591,0,0,1,764.6574537531693,0.49015351579498895,1,1,1,1.4567322033441217,1.4567322033441217,0.3275503945566548,0,45980
1787324400,765.81,766.4,765.75,766.24,765.0554270238922,765.2185690334899,764.8107672520725,0,0,1,764.7195143902999,0.797631088101053,1,1,2,1.0420014061750573,1.4567322033441217,0.621482027626354,0,107200
1787324700,766.25,766.41,765.81,765.839,765.1010514342648,765.3426552267919,764.9086941804466,1,0,1,764.7634157867587,0.9285103409059263,1,1,3,0.9589704442013424,1.4567322033441217,0.7587038094833822,1,56496
1787325000,765.86,766.05,765.68,765.7,765.115027106147,765.4141241814335,764.9840566394516,0,0,1,764.8001445794349,1.0136592342269677,1,1,4,0.5931033047672878,1.4567322033441217,0.8528312556159929,1,24011
1787325300,765.71,765.97,765.55,765.57,765.1322193797157,765.4452993451469,765.0398607690277,0,0,1,764.8303349880845,1.038017194285797,1,1,5,0.6934055740444052,1.0420014061750573,0.8918107942891155,1,37099
1787325600,765.6,765.87,765.455,765.51,765.1411707427932,765.4582394761175,765.0846359338822,0,0,1,764.8569885179635,1.0370561723672966,1,1,6,0.700491224705034,0.9589704442013424,0.9063001961311207,1,23879
1787325900,765.51,766.01,765.46,765.94,765.1567825891783,765.554591580894,765.1660991782743,0,0,1,764.8994595564748,1.1341512375199412,1,1,7,0.9486569411102749,0.9486569411102749,1.0085256601999897,1,30883
1787326200,765.95,766.49,765.82,766.49,765.1880226079996,765.7416732647152,765.2921849708196,0,0,1,764.9618336915149,1.3347980272405395,1,1,8,1.1598903744813,1.1598903744813,1.2053434902647675,1,37937
1787326500,766.48,767.05,766.44,767.05,765.2467391176355,766.0033386117722,765.4595959259796,0,0,1,765.0437225663575,1.6373520076271677,1,1,9,1.0440952531751584,1.1598903744813,1.4971101054357654,1,49464
1787326800,767.05,767.44,766.93,767.26,765.3103360589931,766.2546708894178,765.6310629806482,0,0,1,765.1306354068925,1.935843129621788,1,1,10,0.8701912894017587,1.1598903744813,1.7895104407072517,1,46778
1787327100,767.32,767.44,766.94,767.01,765.3548735934859,766.4057367115342,765.7623903158245,0,0,1,765.2043359791712,2.089815589940797,1,1,11,0.8611129985294812,1.1598903744813,1.9540071760198185,1,36231
1787327400,767.01,767.84,767.01,767.69,765.3961310652729,766.6625893692274,765.9459721905079,0,0,1,765.3018129995959,2.2943215675519912,1,1,12,1.4437705029855266,1.4437705029855266,2.161264869791908,1,28846
1787327700,767.675,767.68,767.075,767.2,765.4368835451286,766.7700714953819,766.0654034104595,0,0,1,765.376251705494,2.3438540156765457,1,1,13,1.036913776233944,1.4437705029855266,2.2315252489725435,1,32688
1787328000,767.19,767.32,766.64,766.74,765.4772188655436,766.7640571963055,766.1296507047014,0,0,1,765.4297320307688,2.2210432662482247,1,0,0,1.1434912477375823,1.4437705029855266,2.1419807715548056,1,43710
1787328300,766.74,766.74,766.29,766.35,765.5096042593619,766.6812457570444,766.1506363518727,0,0,1,765.4658209707387,2.06005557056302,1,0,0,0.7490449072132889,1.4437705029855266,2.01658801805785,1,54028
1787328600,766.33,766.58,766.24,766.24,765.5281925576342,766.5929966056356,766.1591471755038,0,0,1,765.4961809326705,1.9170432216746587,1,0,0,0.5762749796476007,1.1434912477375823,1.9041075647669936,1,36935
1787328900,766.24,766.53,765.93,766.02,765.5448342198823,766.4783972845084,766.145895063551,0,0,1,765.5167228568795,1.675013660000361,1,0,0,1.0486957483890005,1.1434912477375823,1.69128116310684,1,45353
1787329200,766.02,767,765.875,766.175,765.5793213878585,766.4177178276068,766.1486669622604,0,0,1,765.5425376468057,1.4265895532253388,1,0,0,1.9594889011933336,1.9594889011933336,1.4571713834239033,1,77051
1787329500,766.2,766.58,766.13,766.5,765.5854673310475,766.4341742620854,766.182127251569,0,0,1,765.5800851900683,1.419223483158835,1,0,0,0.7335235795260651,1.9594889011933336,1.4536601666662494,1,13518
1787329800,766.51,766.52,766.04,766.05,765.5956813970603,766.3573394096684,766.1695437038005,0,0,1,765.5985132218303,1.2794231493218735,1,0,0,0.7976068237325511,1.9594889011933336,1.3291078387152888,1,30465
1787330100,766.03,766.56,766.025,766.56,765.608025209864,766.3978715277347,766.2067300177242,0,0,1,765.6362185856801,1.2932382097013042,1,0,0,0.9020397501532245,1.9594889011933336,1.3403990865365776,1,29404
1787330400,766.55,766.55,766.285,766.38,765.6159787077321,766.3942972221877,766.2232319207981,0,0,1,765.6653864842809,1.2866342388931113,1,1,1,0.4669324938317771,0.9020397501532245,1.3395666817953338,1,18873
1787330700,766.37,766.37,766.11,766.16,765.6241183020815,766.3474377777501,766.217209833103,0,0,1,765.6847830927405,1.2151113096963084,1,0,0,0.4765895553943139,0.9020397501532245,1.2794482680666104,1,26125
1787331000,766.16,766.17,765.81,766.02,765.6292351513566,766.2819502222001,766.1984279442361,0,0,1,765.6979288538096,1.0975659947082268,1,0,0,0.6601327680711697,0.9020397501532245,1.1736461567831864,1,26460
1787331300,766.02,766.43,765.955,766.37,765.6459203265171,766.2995601777601,766.2147681400231,0,0,1,765.7242845850327,1.0894815398404163,1,0,0,0.8926794047332206,0.8926794047332206,1.1624492674866445,1,53540
1787331600,766.42,766.45,766.23,766.28,765.652840836723,766.295648142208,766.2209806981161,0,0,1,765.7460773464039,1.0860546195644987,1,0,0,0.41664541620576184,0.8926794047332206,1.1624482661412918,1,20718
1787331900,766.285,766.53,766.18,766.365,765.6598060365404,766.3095185137664,766.2346968221051,0,0,1,765.7703488230155,1.0894950193617807,1,1,1,0.6916654228167469,0.8926794047332206,1.1652272790263816,1,20122
1787332200,766.365,766.365,766.1,766.16,765.6636429626367,766.2796148110132,766.2275828390475,0,0,1,765.7856292613286,1.0324482748886104,1,0,0,0.5354829566342372,0.8926794047332206,1.1156960892254415,1,14357
1787332500,766.21,766.29,766.1,766.16,765.6671902427709,766.2556918488106,766.2211463781858,0,0,1,765.8003104667667,0.9945951452984237,1,0,0,0.39710710638000596,0.6916654228167469,1.0845273585741968,1,14106
1787332800,766.155,766.2,765.73,765.84,765.672744325695,766.1725534790485,766.1848467231205,0,0,1,765.8018669190504,0.8080828586260091,0,0,0,1.0265235618379178,1.0265235618379178,0.909445304566263,1,45804
1787333100,765.84,766.01,765.71,765.8,765.6761318633033,766.0980427832387,766.1481946542518,0,0,1,765.8017937065387,0.6621777035021926,0,0,0,0.6539887974062272,1.0265235618379178,0.7733994871770756,0,43668
1787333400,765.82,765.9,765.545,765.545,765.6759067318368,765.987434226591,766.0907475443231,0,0,0,765.7917233651058,0.44400319187221005,0,0,0,0.79349811773857,1.0265235618379178,0.5679612477232313,0,38605
1787333700,765.53,765.8,765.5,765.58,765.6754210014528,765.9059473812728,766.0421049210543,0,1,0,765.7834204880428,0.2844627816239434,0,0,0,0.6806007420887966,1.0265235618379178,0.41410402535122715,0,21865
1787334000,765.58,765.71,765.48,765.68,765.6750441109439,765.8607579050182,766.0076187380967,0,0,0,765.7793647826294,0.19547191533778968,0,0,0,0.5339761586112484,0.79349811773857,0.32428042300684734,0,16155
1787334300,765.7,765.88,765.59,765.69,765.6753494698131,765.8266063240146,765.9773693344684,0,0,0,765.7758602813498,0.12457147853437604,0,0,0,0.6964575603471379,0.79349811773857,0.24896425000732547,0,15269
1787334600,765.7,765.77,765.51,765.58,765.6749172555357,765.7772850592117,765.9395246359477,0,0,0,765.7681794860027,0.02294526967690422,0,0,0,0.638248476493871,0.6964575603471379,0.14659168361337957,0,17692
1787334900,765.58,765.58,765.435,765.44,765.6723823965109,765.7098280473695,765.8919508610956,0,0,0,765.7553097022379,0.12005178171699081,0,0,0,0.3653876616861642,0.6964575603471379,0.00850348857883318,0,30649
1787335200,765.44,765.73,765.35,765.655,765.6707150296982,765.6988624378955,765.8693841124198,0,1,-1,765.7513759884247,0.13858288737794233,0,1,0,1.0030346781441344,1.0030346781441344,0.023069539622892602,0,41445
1787335500,765.66,765.68,765.31,765.32,765.6686076800554,765.6230899503164,765.8170618159988,0,0,-1,765.7344592829962,0.29439857523647345,0,1,0,0.9764273756610087,1.0030346781441344,0.17729168282035912,0,21240
1787335800,765.31,765.54,765.285,765.349,765.6658151280863,765.5682719602531,765.7724845001894,0,0,-1,765.7193432326826,0.40886689750591737,0,1,0,0.6740781764502449,1.0030346781441344,0.2934154467088731,0,24000
1787336100,765.35,765.53,765.31,765.47,765.6623930139945,765.5486175682025,765.7436764525523,0,0,-1,765.7095650666951,0.44855916152107567,0,1,0,0.595419076074203,1.0030346781441344,0.341825438983382,0,36127
1787336400,765.46,765.63,765.43,765.49,765.6612168830447,765.536894054562,765.7195167904044,0,0,-1,765.7009546719227,0.4721625394613042,0,1,0,0.5573981151897043,0.9764273756610087,0.37460973400007025,0,19683
1787336700,765.5,765.53,765.26,765.29,765.6592590734962,765.4875152436496,765.6786104294135,0,0,-1,765.6848388024355,0.5770823811156757,-1,1,1,0.7770535531651234,0.7770535531651234,0.480994819185083,0,15955
1787337000,765.27,765.37,765.06,765.18,765.6539681905799,765.4260121949196,765.6311237218504,0,0,-1,765.6650412023399,0.7037464867180784,-1,1,2,0.9066101343732049,0.9066101343732049,0.6080804032177223,-1,28821
1787337300,765.19,765.33,765.19,765.24,765.6505745699187,765.3888097559357,765.5938738435789,0,0,-1,765.6483729198952,0.795948273762995,-1,1,3,0.4416282950217822,0.9066101343732049,0.704122524442859,-1,21217
1787337600,765.24,765.51,765.21,765.39,765.6469577683554,765.3890478047485,765.5744572870476,0,0,-1,765.6382406485268,0.7685423263844627,-1,1,4,0.9199474936515116,0.9199474936515116,0.6921484470161473,-1,32710
1787337900,765.395,765.7,765.32,765.65,765.6454132046714,765.4412382437988,765.5816518311383,0,0,0,765.638701799565,0.601612767916441,-1,0,0,1.1719681817427337,1.1719681817427337,0.5510861160566302,-1,44163
1787338200,765.66,765.98,765.66,765.91,765.6481753387359,765.5349905950391,765.6129230853156,0,0,0,765.64934094468,0.34825690597334913,-1,0,0,1.0054119234415446,1.1719681817427337,0.3269797386468395,-1,35332
1787338500,765.88,766.23,765.8,766.21,765.6523091100431,765.6699924760312,765.6697875533808,0,0,1,765.6713275743004,0.003978109603362859,0,0,0,1.3095759657817974,1.3095759657817974,0.014405809640832656,0,25294
1787338800,766.2,766.36,766.01,766.04,765.6655617755671,765.7439939808249,765.7050458816303,1,0,1,765.6857853164847,0.17291123123646096,1,0,0,1.0428733174618776,1.3095759657817974,0.1522418578817888,1,74330
1787339100,766.04,766.33,766,766.1,765.6722862194774,765.81519518466,765.7426605595703,0,0,1,765.7020290295637,0.3366389319764169,1,1,1,0.9802785711511115,1.3095759657817974,0.30917307353201184,1,38781
1787339400,766.09,766.1,765.88,766.04,765.6755802742773,765.8601561477279,765.7709786015159,0,0,1,765.7152827931103,0.44186581997008895,1,1,2,0.6544409410379658,1.3095759657817974,0.4149741604492465,1,27414
1787339700,766.03,766.11,765.86,765.95,765.6793134187515,765.8781249181824,765.7880282585144,0,0,1,765.7244873894589,0.4766831436696533,1,1,3,0.762503603813695,1.0428733174618776,0.45723008127740855,1,35333
1787340000,765.965,766.23,765.88,766.21,765.6841961803392,765.9444999345459,765.8282160434178,0,0,1,765.7435270996762,0.6197441713708428,1,1,4,1.0859267372404537,1.0859267372404537,0.5961508626012619,1,32571
1787340300,766.2,766.22,765.95,766.04,765.6875242359156,765.9635999476367,765.8483859440447,0,0,1,765.7551534879242,0.6505694799370972,1,1,5,0.8326046969411512,1.0859267372404537,0.635084557534217,1,24805
1787340600,766.06,766.31,766.03,766.09,765.6931887855546,765.9888799581094,765.8713968065166,0,0,1,765.7682847236919,0.6947443925991421,1,1,6,0.8738908525173383,1.0859267372404537,0.6849557195240616,1,36185
1787340900,766.09,766.37,765.975,766.27,765.7042395113675,766.0451039664874,765.9093590154198,0,0,1,765.7879598325667,0.7959781087561545,1,1,7,1.244016153845315,1.244016153845315,0.7844524631899606,1,64255
1787341200,766.27,766.49,766.1,766.46,765.7207007316902,766.1280831731899,765.9618010139512,0,0,1,765.8143143489366,0.9570904755457569,1,1,8,1.2072274707637938,1.244016153845315,0.9391432583556996,1,77845
1787341500,766.46,766.8,766.38,766.66,765.7561876315157,766.2344665385519,766.0282961554797,0,0,1,765.8474784921156,1.1571942873333807,1,1,9,1.281127915387313,1.281127915387313,1.1305475264869813,1,126431
1787341800,766.64,766.65,765.85,765.915,765.7677483547486,766.1705732308416,766.017506045434,0,0,1,765.8501263943855,0.8698592299437549,1,0,0,2.4221093684196147,2.4221093684196147,0.8744906115605876,1,99210
1787342100,765.9,766.23,765.355,765.64,765.7650917840685,766.0644585846733,765.981553088726,0,0,0,765.8418861436253,0.55013782509936,1,0,0,2.375204681744742,2.4221093684196147,0.5827357212275569,1,371911
1787578200,764.779,764.81,763.18,763.44,763.81,765.5395668677386,765.7395004136092,0,0,,765.7476945301498,0.3774587564926551,-1,0,0,6.0804430385550905,6.0804430385550905,0.28175759456223576,0,126285
1787578500,763.49,763.82,762.96,763.36,763.6665509435156,765.1036534941909,765.5128813265989,0,0,,765.6540594505361,0.9598397813680145,-1,1,1,1.559689504138458,6.0804430385550905,0.82767224025549,-1,63219
1787578800,763.38,763.75,762.19,762.19,763.3924265320413,764.5209227953527,765.1964164383513,0,0,,765.5182139818877,1.5488193124575924,-1,1,2,2.7204466842558475,6.0804430385550905,1.3889611857889104,-1,76122
1787579100,762.18,763.59,762.08,763.11,763.2313726200094,764.2387382362822,764.9977101108893,0,1,-1,765.4237742178921,1.6790726472032744,-1,1,3,2.3450695176968623,6.0804430385550905,1.5377492326778757,-1,140398
1787579400,763.11,763.53,762.74,763.5,763.2354256480896,764.0909905890258,764.8550710527094,0,0,0,765.3483320917002,1.7664632265059699,-1,1,4,1.1193477766713205,2.7204466842558475,1.6464360935417786,-1,77474
1787579700,763.46,763.66,763.24,763.41,763.2545486807159,763.9547924712206,764.7174452381656,0,0,0,765.2723190684962,1.9068529747208567,-1,1,5,0.5900660668198335,2.7204466842558475,1.8030176972507714,-1,50769
1787580000,763.42,763.945,762.8,762.94,763.2507638125957,763.7518339769765,764.5481647392927,0,0,0,765.180855575614,1.9754905019464009,-1,1,6,1.6571556586183507,2.3450695176968623,1.8864966809723451,-1,90151
1787580300,762.98,763.2,762.62,762.9,763.2341933494815,763.5814671815812,764.3911966688838,0,0,0,765.0914102589232,2.117332895767058,-1,1,7,0.8017964824474494,1.6571556586183507,2.04085909119581,-1,31591
1787580600,762.91,763,762.5,762.98,763.2106727162605,763.4611737452649,764.2567969861329,0,1,-1,765.0086098566126,2.21724122331145,-1,1,8,0.7011300384561994,1.6571556586183507,2.1576906238032523,-1,40181
1787580900,762.98,763.06,762.65,762.85,763.1974681688507,763.3389389962119,764.1228163207869,0,0,-1,764.9239584896866,2.3400456636871394,-1,1,9,0.587467808778164,1.6571556586183507,2.295589952752092,-1,26713
1787581200,762.89,763.5,762.8,762.87,763.1828646022539,763.2451511969696,764.003500480712,0,0,-1,764.8434110979342,2.3539695335396553,-1,1,10,1.0334459426680265,1.0334459426680265,2.3279203727904982,-1,83654
1787581500,762.87,763.14,762.67,762.94,763.1671257654888,763.1841209575757,763.9022147206442,0,0,-1,764.7687675254662,2.3863802945610573,-1,1,11,0.6922313949664518,1.0334459426680265,2.3798829484928516,-1,50684
1787581800,762.92,763.75,762.78,763.62,763.179721003718,763.2712967660606,763.8753371282019,0,0,0,764.7237178185851,2.1175646664810928,-1,0,0,1.4607603566805718,1.4607603566805718,2.143965384497637,-1,53028
1787582100,763.61,763.88,763.57,763.7,763.1962654438634,763.3570374128485,763.8586383540874,0,0,0,764.6835720217779,2.012820299791239,-1,0,0,0.45196607792762444,1.4607603566805718,2.067637699884014,-1,28939
1787582400,763.7,764.11,763.51,763.72,763.2132520483627,763.4296299302788,763.8454347013171,0,0,1,764.645784883669,1.8572201808306548,-1,0,0,0.9104113618637573,1.4607603566805718,1.933015798755567,-1,28150
1787582700,763.7,763.86,763.47,763.86,763.2229783348464,763.515703944223,763.8468218726202,0,0,1,764.6149697901917,1.728651933754742,-1,0,0,0.5955786049341947,1.4607603566805718,1.8252355606747819,-1,18557
1787583000,763.87,763.92,763.41,763.63,763.232792371998,763.5385631553784,763.826172170466,0,0,1,764.5763435239097,1.6553744533281862,-1,0,0,0.802001162364861,0.9104113618637573,1.760728736169486,-1,23008
1787583300,763.63,763.96,763.52,763.655,763.2482351439381,763.5618505243027,763.809870058993,0,0,1,764.5402124053251,1.5945538497683307,-1,0,0,0.701848658493383,0.9104113618637573,1.7082982573092502,-1,33620
1787583600,763.65,763.8,763.02,763.06,763.2494317035154,763.4614804194422,763.7384538628985,0,0,0,764.4821648600182,1.6319125742159126,-1,0,0,1.2712596708281194,1.2712596708281194,1.7337035902321922,-1,28415
1787583900,763.06,763.08,762.78,762.99,763.2394369535656,763.3671843355537,763.6671725426224,0,0,0,764.4236485909979,1.7543229447980417,-1,1,1,0.4796524300777976,1.2712596708281194,1.8533436922745692,-1,36982
1787584200,762.99,763.17,762.7,762.72,763.227532772395,763.237747468443,763.5769656338013,0,0,-1,764.3568388423313,1.887923945098357,-1,1,2,0.7804634939667098,1.2712596708281194,1.9794449077002576,-1,36214
1787584500,762.74,762.805,762.65,762.68,763.2169160155203,763.1261979747544,763.491540335344,0,0,-1,764.2910804563575,2.0746118861634817,-1,1,3,0.2614873265204912,1.2712596708281194,2.166953707193746,-1,24042
1787584800,762.68,763.19,762.37,763.15,763.2043118218436,763.1309583798035,763.4590126843589,0,1,-1,764.246332203167,1.9231946863440839,-1,1,4,1.4603891581518762,1.4603891581518762,2.024963271955743,-1,48921
1787585100,763.15,764,763.05,763.76,763.2346082911581,763.2567667038428,763.4876781429914,0,0,0,764.2272603520623,1.6004436688274117,-1,0,0,1.6380471853978262,1.6380471853978262,1.7220660338087825,-1,100005
1787585400,763.74,764,763.4,763.86,763.2536732795663,763.3774133630742,763.5231373674684,0,0,0,764.2128579853148,1.378771819480273,-1,0,0,0.9894616034408771,1.6380471853978262,1.5185961168054294,-1,50256
1787585700,763.84,764.15,763.7,764.03,763.2733813690824,763.5079306904594,763.571409999138,0,0,1,764.2056870839299,1.1731024438423663,-1,0,0,0.742655230818308,1.6380471853978262,1.330650792031502,-1,39248
1787586000,764.04,764.44,764.03,764.27,763.3074531050122,763.6603445523675,763.6379423801725,0,0,1,764.2082091590698,0.9420018746132454,0,0,0,0.6893122105025783,1.6380471853978262,1.1171312765183323,-1,51028
1787586300,764.27,764.71,764.27,764.29,763.3372906062915,763.786275641894,763.7000431058703,0,0,1,764.2114166430279,0.7439270864455916,0,0,0,0.7565387866989671,0.9894616034408771,0.9287182424663136,0,40047
1787586600,764.29,764.61,764.285,764.325,763.3575259718625,763.8940205135152,763.7595628100731,0,0,1,764.2158708923209,0.5810871943962727,0,0,0,0.5686967440214731,0.7565387866989671,0.7733144116432115,0,28887
1787586900,764.3,764.53,764.18,764.525,763.393835738807,764.0202164108122,763.8324615900661,0,0,1,764.227993602426,0.38526226467124774,0,0,0,0.6319101403372149,0.7565387866989671,0.5850190587845688,0,54459
1787587200,764.525,765.12,764.43,764.95,763.4664028077999,764.2061731286498,763.9388938195837,0,0,1,764.2563075788014,0.09114079514638024,0,0,0,1.2794039642103998,1.2794039642103998,0.29516197336600264,0,83934
1787587500,764.95,764.98,764.465,764.465,763.4839887883397,764.2579385029198,763.9889991700995,1,0,1,764.264491595319,0.011967556768827907,0,0,0,0.9362326575522876,1.2794039642103998,0.20333585034036014,0,25402
1787587800,764.47,764.66,764.44,764.65,763.4939540282847,764.3363508023359,764.05195163009,0,0,1,764.2796095719732,0.10824895123039063,0,1,0,0.40177405242825315,1.2794039642103998,0.08267338730549605,0,15463
1787588100,764.65,765.16,764.62,765.07,763.5336333121393,764.4830806418687,764.1489086177005,0,0,1,764.310605275033,0.3283344161724456,0,1,0,1.030193270232905,1.2794039642103998,0.13699438166319688,0,47789
1787588400,765.04,765.23,764.79,764.87,763.5681921223055,764.5604645134949,764.2175839874433,0,0,1,764.3325423230709,0.43897812671819636,0,1,0,0.8376102962780688,1.030193270232905,0.25662397882987414,0,43439
1787588700,764.87,765,764.8,764.9,763.5841457405785,764.628371610796,764.2825759886391,0,0,1,764.3547955653034,0.5511090080226438,0,1,0,0.3851999894364409,1.030193270232905,0.3728893340876107,0,21788
1787589000,764.909,764.98,764.505,764.56,763.603641750497,764.6146972886368,764.3089973230544,0,0,1,764.3628427980367,0.5089195512412639,0,1,0,0.9568702491458713,1.030193270232905,0.35391844109378817,0,32894
1787589300,764.58,764.71,764.335,764.35,763.616075638404,764.5617578309094,764.3129023399064,0,0,1,764.362339158898,0.4100583093204741,0,0,0,0.7577583042524602,0.9568702491458713,0.2785654524817211,0,27122
1787589600,764.35,764.41,764.19,764.31,763.6262384865371,764.5114062647275,764.312625926582,0,0,1,764.3602866428628,0.32339224037389724,0,0,0,0.4523790432486886,0.9568702491458713,0.20852909514626536,0,28201
1787589900,764.32,764.39,764.15,764.35,763.6361772798092,764.479125011782,764.3161853621456,0,0,1,764.3598832451034,0.2643591251962768,0,0,0,0.513594043791453,0.9568702491458713,0.1610749554760539,0,28697
1787590200,764.38,764.46,764.14,764.21,763.643537128584,764.4253000094257,764.3060724705126,0,0,1,764.3540054707856,0.16141001456142168,0,0,0,0.7094403447649951,0.7577583042524602,0.07283161161725392,0,22742
1787590500,764.2,764.33,764.13,764.18,763.6507689656592,764.3762400075406,764.2940655685591,0,0,1,764.3471817268332,0.06846357179840025,0,0,0,0.452797697103992,0.7094403447649951,0.010280415920986578,0,25177
1787590800,764.2,764.21,763.88,764.01,763.6550617874094,764.3029920060325,764.2670117048867,1,0,1,764.3339589140163,0.07413869175202685,0,0,0,0.7775056935073659,0.7775056935073659,0.13884921231704014,0,22512
1787591100,764.01,764.64,763.97,764.45,763.6645736551498,764.3323936048259,764.2844391615641,0,0,1,764.3385095448392,0.014036685826347383,0,0,0,1.604064684138916,1.604064684138916,0.08181418146236347,0,27706
1787591400,764.45,764.77,764.33,764.53,763.6939419704149,764.3719148838608,764.3078259080818,0,0,1,764.3460189744534,0.05939190886718118,0,0,0,1.009843417395789,1.604064684138916,0.013979997775090458,0,70324
1787591700,764.51,764.6,764.05,764.21,763.7028448059166,764.3395319070886,764.2985091549311,0,0,1,764.3406848970238,0.0025958941439606278,0,0,0,1.2614173676265021,1.604064684138916,0.06640402481185236,0,32088
1787592000,764.13,764.16,763.5,763.55,763.7040437449601,764.1816255256708,764.2272225687473,0,0,0,764.3096776461601,0.2764822489251164,-1,1,1,1.5985263928916045,1.604064684138916,0.31132929384013974,-1,78513
1787592300,763.56,763.72,763.34,763.39,763.700500957365,764.0233004205367,764.1474870860094,0,0,0,764.2736118561146,0.5474775455776317,-1,1,2,0.8204725871783582,1.5985263928916045,0.5623770635777212,-1,36132
1787592600,763.39,763.55,763.27,763.31,763.696330362721,763.8806403364293,764.0677264111514,0,0,-1,764.2358231558748,0.7989700931884768,-1,1,3,0.6124119435765433,1.5985263928916045,0.8013512978667391,-1,29368
1787592900,763.3,763.39,763.15,763.38,763.6934169366684,763.7805122691435,764.0022286577084,0,1,-1,764.2022614634875,0.9809488240796085,-1,1,4,0.5398707703954956,1.5985263928916045,0.9813017017829122,-1,17178
1787593200,763.41,763.46,763.11,763.13,763.6839156485702,763.6504098153148,763.9191592617362,0,0,-1,764.1602119943311,1.2017116051860628,-1,1,5,0.814066969261015,0.8204725871783582,1.1962614870462203,-1,48447
1787593500,763.11,763.28,763.05,763.25,763.6766121724778,763.5703278522518,763.8554298082375,0,0,-1,764.1245174063181,1.3505076268153593,-1,1,6,0.5421586657909543,0.814066969261015,1.350505627468495,-1,35453
1787593800,763.23,763.51,763.13,763.21,763.6724410649632,763.4982622818014,763.7939603026911,0,0,-1,764.0886539786194,1.446371444714063,-1,1,7,0.9260241273484021,0.9260241273484021,1.453441680798341,-1,25528
1787594100,763.215,763.38,763.14,763.3,763.6695939150089,763.4586098254412,763.7469164643395,0,0,-1,764.0577263716148,1.5122533512369345,-1,1,8,0.5879641407599626,0.9260241273484021,1.5324439193278798,-1,17294
1787594400,763.31,763.65,763.28,763.54,763.6667412529576,763.474887860353,763.7272101344024,0,0,-1,764.0374233766495,1.4266503830879498,-1,0,0,0.9339313753413478,0.9339313753413478,1.4684715709163194,-1,39128
1787594700,763.53,763.98,763.5,763.92,763.6683561224861,763.5639102882824,763.7455710739831,0,0,0,764.0328185383495,1.1710230155082286,-1,0,0,1.2173314644924178,1.2173314644924178,1.2426379530758522,-1,30218
1787595000,763.9,764.26,763.82,764.26,763.6750951152264,763.7031282306259,763.7945643050324,0,0,0,764.041727615277,0.839670131016304,-1,0,0,1.0988293056260319,1.2173314644924178,0.9433894862435389,-1,38345
1787595300,764.28,764.47,764.135,764.24,763.682501590118,763.8105025845007,763.8369867521722,0,0,1,764.0495030029132,0.5999342912068563,-1,0,0,0.8307442560191975,1.2173314644924178,0.7240402040709092,-1,31298
1787595600,764.23,764.69,764.21,764.62,763.6993081529296,763.9724020676006,763.9115594424414,0,0,1,764.0718754341715,0.24609460813786227,0,0,0,1.2048868436802644,1.2173314644924178,0.3920703550753546,0,53358
1787595900,764.6,764.84,764.55,764.82,763.7238072136449,764.1419216540804,763.9980775907803,0,0,1,764.1012136524392,0.10278497379469054,0,0,0,0.7174527094055672,1.2048868436802644,0.06487028227652424,0,63290
1787596200,764.8,765.12,764.66,764.67,763.7426321496215,764.2475373232643,764.0620702011822,1,0,1,764.1235189994024,0.30956754906890077,0,1,0,1.1614691470812484,1.2048868436802644,0.14308484612449665,0,46971
1787596500,764.69,764.74,764.12,764.24,763.7517673144449,764.2460298586115,764.0790158963077,1,0,1,764.1280868817788,0.2833205463316717,0,1,0,1.5476090503895907,1.5476090503895907,0.1432192379687956,0,40511
1787596800,764.23,764.41,764.17,764.36,763.7594723343391,764.2688238868892,764.1057762871355,0,0,1,764.1371815138659,0.3260927467610256,0,1,0,0.5765237824723758,1.5476090503895907,0.19464865508726945,0,38498
1787597100,764.33,764.4,764.12,764.32,763.7646716162744,764.2790591095114,764.1261785455035,0,0,1,764.1443508662634,0.341153861596787,0,1,0,0.6935910299712508,1.5476090503895907,0.22079171459545904,0,28309
1787597400,764.33,764.43,764.07,764.14,763.7692966006957,764.2512472876091,764.1274948745032,0,0,1,764.144180244057,0.2728722204281642,0,0,0,0.9117139917611862,1.5476090503895907,0.17102357346483696,0,29520
1787597700,764.13,764.24,763.98,763.98,763.7742463404275,764.1969978300873,764.1134477435982,0,0,1,764.1377418031136,0.15474958470714933,0,0,0,0.6626388004895435,0.9117139917611862,0.07169209651066799,0,48473
1787598000,763.97,764.04,763.81,763.91,763.7759684924586,764.1395982640698,764.0940717680173,1,0,1,764.1288107520111,0.028999231011917575,0,0,0,0.600654588240507,0.9117139917611862,0.038274567917712436,0,34820
1787598300,763.93,764.08,763.85,763.91,763.7771809545116,764.0936786112559,764.0765411234443,0,0,1,764.1202299382068,0.07337647410800069,0,0,0,0.6182911403865728,0.9117139917611862,0.1299904175690909,0,21082
1787598600,763.9,764.21,763.86,764.1,763.7787960919314,764.0949428890048,764.0787753021639,0,0,1,764.1194366072967,0.06784884548416038,0,1,0,0.96724980959758,0.96724980959758,0.12423476868438678,0,17252
1787598900,764.11,764.23,763.955,764.14,763.7810482583874,764.1039543112038,764.0846062257673,0,0,1,764.1202430148537,0.045901639276997676,0,0,0,0.7617639872282315,0.96724980959758,0.10423167848396955,0,20543
1787599200,764.05,764.19,763.96,764.01,763.7831876001626,764.085163448963,764.0775008709323,0,0,1,764.1159197593693,0.08890587149026653,0,1,0,0.6481410221833683,0.96724980959758,0.14319916465152718,0,23804
1787599500,764.02,764.16,763.92,763.99,763.7848699407282,764.0661307591704,764.0691674546531,0,0,1,764.1109817295901,0.13254808797275044,-1,1,1,0.6937571144213317,0.96724980959758,0.18335047378252373,0,21374
1787599800,763.98,764.24,763.74,763.74,763.7868301563924,764.0009046073363,764.0378181732576,0,0,0,764.0964334264689,0.27300210135168135,-1,1,2,1.4776501682394423,1.4776501682394423,0.3087233289531878,-1,49907
1787600100,763.74,763.85,763.64,763.65,763.7856674690069,763.9307236858691,764.0008831091378,0,0,0,764.078926233274,0.4359854348613678,-1,1,3,0.600137652746309,1.4776501682394423,0.4611549836796187,-1,49844
1787600400,763.65,763.75,763.55,763.65,763.7837479204494,763.8745789486953,763.9674656701723,0,0,-1,764.0621055966751,0.5683817923210647,-1,1,4,0.5883642926463608,1.4776501682394423,0.588567177978966,-1,45220
1787600700,763.66,763.78,763.48,763.775,763.7809751488267,763.8546631589562,763.9491356063463,0,0,-1,764.0508465536683,0.598498059211578,-1,1,5,0.9092816382804385,1.4776501682394423,0.6229293907744944,-1,86337
1787601000,763.79,763.92,763.36,763.76,763.7780565218496,763.835730527165,763.9311226914562,0,0,-1,764.0394408064656,0.5915291745667639,-1,1,6,1.7083959305033602,1.7083959305033602,0.618363052610284,-1,97698
1787601300,763.75,763.95,763.39,763.48,763.7623927711858,763.764584421732,763.8881586256032,0,0,-1,764.01750195131,0.7029771494765592,-1,1,7,1.6261149849420309,1.7083959305033602,0.7209630190363254,-1,339982
1787664600,766.17,766.77,765.9,766.72,766.4633333333335,764.3556675373857,764.1578578041172,0,0,,764.123482266945,0.4079996946360079,1,0,0,9.144462329823297,9.144462329823297,0.31460377083392094,1,108692
1787664900,766.68,766.7,766.14,766.14,766.4221042487168,764.7125340299085,764.3466332513441,0,0,,764.2025613937315,0.894905763180789,1,1,1,1.0191853360884473,9.144462329823297,0.7704180284606007,1,46955
1787665200,766.15,766.63,765.87,766.149,766.375472070398,764.9998272239268,764.5182872274065,0,0,,764.2788923194674,1.2356558328677563,1,1,2,1.3336566156095928,9.144462329823297,1.1014321357179413,1,45609
1787665500,766.15,766.7,766.12,766.46,766.3860083672048,765.2918617791414,764.7032122533678,0,0,0,764.3644259539981,1.5902611335464742,1,1,3,0.9940986053391571,9.144462329823297,1.4480761751840654,1,52154
1787665800,766.46,766.53,766,766.01,766.3524870326684,765.4354894233131,764.8276682292376,0,0,-1,764.4289582695276,1.7372034621038173,1,1,4,0.9087835275818985,1.3336566156095928,1.6095471808238615,1,49248
1787666100,766.03,766.07,765.51,765.69,766.2905895976749,765.4863915386505,764.9097950645483,0,0,-1,764.4784108864088,1.7438753708152281,1,1,5,0.9665214386255506,1.3336566156095928,1.6422315595045922,1,35087
1787666400,765.68,765.81,765.23,765.46,766.1688719199278,765.4811132309204,764.9621955345914,0,0,-1,764.5169045771379,1.6677370833048237,1,0,0,1.0034396124799438,1.0034396124799438,1.59578137011572,1,61461
1787666700,765.465,765.58,765.12,765.349,766.0850253438089,765.4546905847363,764.9990340551064,0,0,-1,764.5495357701913,1.5887872179142706,1,0,0,0.7956359397011945,1.0034396124799438,1.5435716474350338,1,45518
1787667000,765.31,765.53,765.1,765.17,766.0139552618414,765.397752467789,765.0153165260487,0,0,-1,764.573867700772,1.4719200757333717,1,0,0,0.7547642599088537,1.0034396124799438,1.4532581949838679,1,42295
1787667300,765.17,765.63,765.07,765.42,765.9580295132579,765.4022019742312,765.0538578092821,0,0,-1,764.6070493595653,1.4205402541988763,1,0,0,1.0004739441839507,1.0034396124799438,1.4160629300787095,1,46583
1787667600,765.44,765.49,764.84,765.13,765.8934485957684,765.347761579385,765.0611094464933,0,0,-1,764.6275572278176,1.2719967584287393,1,0,0,1.1612250883652377,1.1612250883652377,1.287044962288076,1,46561
1787667900,765.09,765.18,764.69,764.7,765.8071869053679,765.218209263508,765.0267180706368,0,0,-1,764.6303981208445,1.04824577481948,1,0,0,0.8654188360200474,1.1612250883652377,1.089128112758395,1,52651
1787668200,764.7,764.88,763.07,764.3,765.4298610708578,765.0345674108064,764.9575068258142,0,0,-1,764.6174413317917,0.641743653757451,1,0,0,3.227779663763833,3.227779663763833,0.7003823070929583,1,177328
1787668500,764.35,765.05,764.33,765,765.3899313572371,765.0276539286451,764.9615537947843,0,0,-1,764.6324436325058,0.6014166340047329,1,0,0,1.1538663357012275,3.227779663763833,0.6572148978850995,1,54222
1787668800,765.03,765.03,764.17,764.32,765.3507264480738,764.8861231429161,764.9004534333762,0,0,-1,764.6201909410349,0.39595466677850977,0,0,0,1.308716676403903,3.227779663763833,0.46348822006897034,1,40148
1787669100,764.35,764.47,764.18,764.24,765.3069139076943,764.7568985143329,764.837553106388,0,0,-1,764.6052814923669,0.23529713680281242,0,0,0,0.4317899545581401,3.227779663763833,0.3141709705194969,0,39227
1787669400,764.19,764.8,764.04,764.66,765.2852422179488,764.7375188114663,764.820643286732,0,1,-1,764.6074273161956,0.19933612354801372,0,0,0,1.179457435921996,1.308716676403903,0.27061857454614735,0,26046
1787669700,764.66,764.84,764.48,764.72,765.2522564182312,764.7340150491731,764.8110582118052,0,0,-1,764.6118419312468,0.19339693952453593,0,0,0,0.5516194915584404,1.308716676403903,0.2593766265599551,0,55900
1787670000,764.715,764.77,764.3,764.36,765.2324777101312,764.6592120393385,764.7681002868713,0,0,-1,764.6019657770802,0.0923072953980452,0,0,0,0.7439980506297897,1.179457435921996,0.16145052059240864,0,26841
1787670300,764.45,764.77,764.4,764.61,765.2210859954874,764.6493696314708,764.7530431166931,0,0,-1,764.6022808446456,0.07781234198718044,0,0,0,0.661108509450108,1.179457435921996,0.1416562479177197,0,19100
1787670600,764.62,764.8,764.4,764.599,765.2124767826683,764.6392957051767,764.7383723436748,0,0,-1,764.6021521840713,0.0629013705164483,0,0,0,0.6609840451069403,0.7439980506297897,0.12226456751674918,0,15055
1787670900,764.6,764.92,764.5,764.91,765.2026917941062,764.6934365641413,764.7547178347534,0,0,-1,764.6142246474411,0.1369677542718591,0,1,0,0.711256629170272,0.7439980506297897,0.18414407188624263,0,24959
1787671200,764.91,765.16,764.68,764.77,765.1922739306801,764.7087492513131,764.7561732790625,0,0,-1,764.6203334847963,0.15476185535928216,0,1,0,0.82998271963746,0.82998271963746,0.19675833979378626,0,35935
1787671500,764.76,765.39,764.66,765.36,765.1898605908391,764.8389994010505,764.8136805858185,0,0,0,764.6493400148044,0.3255186035322365,1,1,1,1.2777828984935469,1.2777828984935469,0.34763487469100346,1,52064
1787671800,765.32,765.78,765.04,765.08,765.1953589519809,764.8871995208405,764.83904433955,0,0,-1,764.6662286416748,0.37208139613301294,1,1,2,1.2700861865134794,1.2777828984935469,0.38970171256892533,1,63035
1787672100,765.07,765.72,765.07,765.1,765.1983611960732,764.9297596166724,764.8638972595928,0,0,-1,764.6832392831777,0.4123196017250941,1,1,3,1.0945012682198878,1.2777828984935469,0.4275854167085082,1,38562
1787672400,765.155,765.21,764.91,765.19,765.1954809887613,764.9818076933379,764.8949546634411,0,0,-1,764.7031122524648,0.4833352962607289,1,1,4,0.5017674557065392,1.2777828984935469,0.4964187423654958,1,40672
1787672700,765.17,765.17,764.6,764.7,765.1891207042079,764.9254461546703,764.8763875526372,0,0,-1,764.7029902033486,0.38516147802615996,1,0,0,1.0232238600691683,1.2700861865134794,0.41021447109321413,1,23333
1787673000,764.7,765.31,764.62,765.23,765.1849894568093,764.9863569237363,764.9100649285765,0,0,0,764.7236572541976,0.44860187228492193,1,0,0,1.1946698582751212,1.1946698582751212,0.4677549261412657,1,42840
1787673300,765.22,765.6,765.21,765.46,765.1913026998888,765.081085538989,764.9624396972835,0,0,0,764.7525334403075,0.5747683076844858,1,1,1,0.665987629517719,1.1946698582751212,0.5859161231393293,1,38312
1787673600,765.46,765.85,765.43,765.55,765.2169887606472,765.1748684311912,765.0183978213516,0,0,1,764.7838066387268,0.6973347762548555,1,1,2,0.734747062022435,1.1946698582751212,0.7026322477068233,1,94532
1787673900,765.57,765.63,765.34,765.37,765.2198375840716,765.2138947449529,765.0518837431276,1,0,1,764.8067946136787,0.7518668668717554,1,1,3,0.5171230966837747,1.1946698582751212,0.7605640337979592,1,19353
1787674200,765.36,765.57,765.33,765.54,765.2227194374285,765.2791157959623,765.0983710056869,0,0,1,764.8355477660834,0.8531465309987212,1,1,4,0.44325224726514745,0.734747062022435,0.8616668032570066,1,17477
1787674500,765.54,765.59,765.41,765.49,765.2279992818491,765.3212926367698,765.1356690051452,0,0,1,764.8612125595704,0.928254359687108,1,1,5,0.346207042066948,0.734747062022435,0.9408743681836773,1,31006
1787674800,765.51,765.64,765.37,765.63,765.2318687987248,765.3830341094159,765.1827481475124,0,0,1,764.891361086646,1.025337847536093,1,1,6,0.5447501196772141,0.5447501196772141,1.0390092350902238,1,19775
1787675100,765.6,765.8,765.56,765.75,765.2363234327006,765.4564272875327,765.2367721334635,0,0,1,764.9250332008952,1.1491734693104114,1,1,7,0.5004974281939591,0.5447501196772141,1.1627863492143444,1,15534
1787675400,765.75,765.86,765.69,765.73,765.2411756851383,765.5111418300262,765.2837462159908,0,0,1,764.9566005263503,1.2559611440890335,1,1,8,0.3676357992970642,0.5447501196772141,1.2737776934184424,1,15376
1787675700,765.75,765.95,765.59,765.9,765.2482117543705,765.588913464021,765.3424370525631,0,0,1,764.9935965841404,1.3663331405636883,1,1,9,0.8153513703576133,0.8153513703576133,1.3841866600097537,1,20661
1787676000,765.895,765.91,765.51,765.57,765.2521456884614,765.5851307712168,765.3641097142238,0,0,1,765.0162006396642,1.313459990264106,1,1,10,0.9180543584369723,0.9180543584369723,1.3460957454147044,1,16074
1787676300,765.59,765.79,765.41,765.61,765.2587555533446,765.5901046169735,765.3875278366787,0,0,1,765.0394868890892,1.2824238313173768,1,0,0,0.8772866273374366,0.9180543584369723,1.3259875198659372,1,32537
1787676600,765.62,765.62,765.33,765.41,765.2601946655536,765.5540836935787,765.3896680427093,0,0,1,765.0540168150072,1.1923302780021992,1,0,0,0.6754285091963993,0.9180543584369723,1.2531162367696245,1,12881
1787676900,765.41,765.89,765.4,765.76,765.2645229683145,765.595266954863,765.4249377529275,0,0,1,765.081702430105,1.2099653970595439,1,0,0,1.1683274003070514,1.1683274003070514,1.2693222283160002,1,17999
1787677200,765.76,765.84,765.35,765.36,765.267773882926,765.5482135638904,765.4187532050296,0,0,1,765.0926160602969,1.0616818612108505,1,0,0,1.1544470382540883,1.1683274003070514,1.1353968160397363,1,22983
1787677500,765.35,765.39,764.94,765.11,765.2651956212844,765.4605708511123,765.3893481378839,0,0,0,765.0932977834225,0.8528957674951742,1,0,0,1.0486379617459491,1.1683274003070514,0.9448901102329661,1,38775
1787677800,765.12,765.32,764.96,765.26,765.2622099652293,765.4204566808899,765.3770292676093,0,0,0,765.099835125249,0.7533848605768201,1,0,0,0.8360059675206571,1.1683274003070514,0.8524318835920555,1,66147
1787678100,765.25,765.42,765.18,765.4,765.2626853551866,765.4163653447118,765.3792169564084,0,0,0,765.1116062968078,0.7391334398308905,1,0,0,0.5639432638177982,1.1544470382540883,0.8393202839136542,1,12701
1787678400,765.41,765.41,765.03,765.03,765.2614833472513,765.3390922757694,765.3459581986552,0,0,-1,765.1084060498742,0.5626344275180192,0,0,0,0.9216156470741553,1.0486379617459491,0.6745734699650103,1,21791
1787678700,765.02,765.02,764.64,764.82,765.2453242549893,765.2352738206156,765.2958669416405,0,0,-1,765.0970960087027,0.338189094072724,0,0,0,0.9511943154843318,0.9511943154843318,0.46326919236262576,0,74184
1787679000,764.83,764.94,764.74,764.84,765.2405930253918,765.1562190564924,765.2524510424366,0,1,-1,765.087013812283,0.17578933658084991,0,0,0,0.4894984070032685,0.9511943154843318,0.3101494375582475,0,23576
1787679300,764.83,765,764.76,764.91,765.2370499373891,765.1069752451939,765.2198366574427,0,0,-1,765.0800720941543,0.07029726992156152,0,0,0,0.6096278000510357,0.9511943154843318,0.20519793141950415,0,20620
1787679600,764.93,765.03,764.84,764.86,765.2350792675561,765.0575801961551,765.185566499591,0,0,-1,765.0714418159522,0.03757139190420306,0,0,0,0.49646531238750086,0.9511943154843318,0.09849846462061479,0,12369
1787679900,764.87,765.06,764.84,764.92,765.2311097261305,765.030064156924,765.1602744520109,0,0,-1,765.0655029212089,0.09890747560701532,0,1,0,0.5963016112038521,0.6096278000510357,0.032329923926138524,0,27991
1787680200,764.92,765.15,764.84,765.12,765.2280917973757,765.0480513255392,765.1564387899145,0,0,-1,765.0676400615537,0.05520254808400602,0,1,0,0.865191494592883,0.865191494592883,0.05973686491620179,0,32804
1787680500,765.13,765.16,764.92,765.04,765.2267687549341,765.0464410604313,765.1453493813513,0,0,-1,765.0665561375712,0.05802733370109383,0,0,0,0.6763382553298194,0.865191494592883,0.04891630155700009,0,14972
1787680800,765.03,765.03,764.81,764.83,765.2218741625591,765.003152848345,765.1153161069368,0,0,-1,765.0572794262939,0.15998809382365006,0,1,0,0.6634966725935675,0.865191494592883,0.05078429152928251,0,31392
1787681100,764.82,765.03,764.8,764.92,765.2179999033982,764.986522278676,765.0967145729428,0,0,-1,765.0518959193804,0.1977547262762117,0,1,0,0.6798372070409953,0.865191494592883,0.09333223255810352,0,27770
1787681400,764.92,765.09,764.8,764.8,765.2138928918043,764.9492178229408,765.0684560421863,0,0,-1,765.0420176480321,0.2832018301848351,0,1,0,0.877247618492927,0.877247618492927,0.17997068131963956,0,28323
1787681700,764.79,764.86,764.73,764.85,765.2098598023559,764.9293742583526,765.0476507048353,0,0,-1,765.0344875441878,0.33522455585633426,0,1,0,0.39672744951612604,0.877247618492927,0.23430796693998668,0,22539
1787682000,764.82,764.99,764.82,764.9,765.2066697048775,764.923499406682,765.0335887329462,0,0,-1,765.029213522847,0.3485389379580186,0,1,0,0.5421595761446659,0.877247618492927,0.25428066983406833,0,23542
1787682300,764.89,765.01,764.8,764.97,765.2041805076339,764.9327995253457,765.0275326631419,0,0,-1,765.0268914239118,0.3171903697243138,0,0,0,0.6923690007202378,0.877247618492927,0.2335500173530289,0,20290
1787682600,764.99,765.4,764.99,765.37,765.204858598778,765.0202396202766,765.0601485999855,0,0,0,765.0403466621898,0.06567337802325769,0,0,0,1.449560069037752,1.449560069037752,0.013719313744596152,0,31927
1787682900,765.35,765.395,765.235,765.3,765.205957381234,765.0761916962213,765.082991590463,0,0,0,765.0505291460255,0.08677790016923993,0,0,0,0.522590072128786,1.449560069037752,0.1249308450545117,0,24441
1787683200,765.32,765.57,765.29,765.52,765.208608310834,765.164953356977,765.1246114389904,0,0,1,765.06893976775,0.3259078899260381,1,1,1,0.9468198546926878,1.449560069037752,0.34388866046491684,1,24662
1787683500,765.56,765.87,765.56,765.8,765.222054515831,765.2919626855816,765.1889341590866,0,0,1,765.0976087964657,0.6509701993724618,1,1,2,1.1880376766709946,1.449560069037752,0.6442375881121497,1,60963
1787683800,765.81,765.83,765.64,765.69,765.229440946757,765.3715701484653,765.236654715364,1,0,1,765.1208398240552,0.8621909187551764,1,1,3,0.6363872544226357,1.1880376766709946,0.848829983803629,1,36504
1787684100,765.69,765.78,765.54,765.65,765.2357632281593,765.4272561187722,765.2760209329484,0,0,1,765.141591203504,0.9947345396357502,1,1,4,0.8252923573889561,1.1880376766709946,0.9833553460854897,1,36964
1787684400,765.65,765.83,765.45,765.46,765.2397522201892,765.4338048950178,765.2935427488582,0,0,1,765.1540778229745,0.9520768309547434,1,1,5,1.323225586546845,1.323225586546845,0.955908608937777,1,29284
1787684700,765.46,765.54,765.3,765.37,765.2435381918058,765.4210439160142,765.300824391824,1,0,1,765.1625453593284,0.8914853951511984,1,0,0,0.8168620854607641,1.323225586546845,0.9127395546224571,1,59874
1787685000,765.37,765.39,765.09,765.12,765.2421861564948,765.3608351328114,765.2836030211741,0,0,0,765.1608769138645,0.6878963510209524,1,0,0,1.034611651121793,1.323225586546845,0.7349732649076792,1,82911
1787685300,765.12,765.18,764.94,765,765.2398015416113,765.2886681062491,765.2565932096337,0,0,0,765.1545680152816,0.4671489265636446,1,0,0,0.8256481034610305,1.323225586546845,0.5381122483457135,1,31865
1787685600,765,765.06,764.88,765.05,765.2365621347494,765.2409344849993,765.2369176658591,0,0,-1,765.1504673088,0.3237752589794704,1,0,0,0.6270451136516317,1.034611651121793,0.4083154339559206,1,36483
1787685900,765.075,765.19,765.01,765.17,765.2353441567137,765.2267475879995,765.2305445548249,0,1,-1,765.1512332966902,0.27730744308806027,0,0,0,0.6442065405899272,1.034611651121793,0.363628604857691,1,29775
1787686200,765.17,765.24,765.02,765.14,765.2340922507707,765.2093980703996,765.2219212638892,0,0,-1,765.1507927752514,0.21820755587359722,0,0,0,0.8078952529591086,0.8256481034610305,0.3057097648382122,0,34392
1787686500,765.11,765.35,765.09,765.25,765.2339919579573,765.2175184563197,765.2245954292331,0,0,0,765.1546832546533,0.23449177129285784,0,0,0,0.9680689156775495,0.9680689156775495,0.3145944871265914,0,70407
1787686800,765.26,765.63,765.24,765.39,765.2381675324426,765.2520147650557,765.2403482454966,0,0,0,765.1639113623139,0.3184303911771618,1,1,1,1.4554228900181811,1.4554228900181811,0.38288794132340526,1,65971
1787687100,765.39,765.54,765.27,765.51,765.2434372487155,765.3036118120446,765.2660293649732,0,0,1,765.1774834657526,0.4566507322007256,1,1,2,0.9758556757425803,1.4554228900181811,0.506342729454812,1,78787
1787687400,765.46,766.17,765.24,766.12,765.2620708820012,765.4668894496357,765.3473599016424,0,0,1,765.2144448984682,0.7817971606913836,1,1,3,3.367087521814713,3.367087521814713,0.7891753428641068,1,96735
1787687700,766.12,766.22,765.69,765.86,765.3094575789969,765.5455115597085,765.3961827681527,0,0,1,765.2397607848028,0.9054036856185316,1,1,4,1.6413604225169478,3.367087521814713,0.9058305087759875,1,240402
1787751000,764.655,765.82,764.655,765.675,765.3833333333332,765.5714092477668,765.4227367902334,0,0,,765.2568289893203,0.7871475734980851,1,1,5,3.568303110619241,3.568303110619241,0.7936275696657416,1,61052
1787751300,765.66,765.82,764.81,765.57,765.391676891281,765.5711273982134,765.4367618578302,1,0,,765.2691102054254,0.6813812840739284,1,0,0,2.527237574153924,3.568303110619241,0.6963795968461075,1,61202
1787751600,765.53,766.61,765.43,766.3,765.6387838821535,765.7169019185708,765.5189750142273,0,0,,765.309537256193,0.8215181826619875,1,1,1,2.662199154243103,3.568303110619241,0.819989406776516,1,63660
1787751900,766.31,766.67,765.93,765.93,765.7603922417502,765.7595215348566,765.5581202509676,0,0,1,765.3338691284991,0.8292369998757448,1,1,2,1.492332328537023,3.568303110619241,0.8322127571942265,1,54312
1787752200,765.92,766.6,765.65,766.6,765.8252944050462,765.9276172278853,765.6573468937326,0,0,1,765.3835213195384,0.9992605882979732,1,1,3,1.8507475539099985,2.662199154243103,0.9890332167047794,1,34039
1787752500,766.64,766.89,766.46,766.88,765.9050555720172,766.1180937823083,765.7737900467104,0,0,1,765.442206757988,1.2602307568423414,1,1,4,0.7897174861571163,2.662199154243103,1.2376712614188814,1,26096
1787752800,766.9,766.96,766.62,766.85,765.9821892220043,766.2644750258467,765.8762862327379,0,0,1,765.4974143361061,1.4686287874585675,1,1,5,0.6339498198790127,1.8507475539099985,1.4434700913378549,1,27987
1787753100,766.86,766.94,766.48,766.59,766.0409506619873,766.3295800206773,765.9442589724772,0,0,1,765.5402608327294,1.5242312720625093,1,1,6,0.8807246300934665,1.8507475539099985,1.5103846908679848,1,30672
1787753400,766.62,766.63,766.08,766.17,766.0565355717642,766.2976640165418,765.9657581179556,0,0,1,765.5649564863478,1.408662834664733,1,0,0,1.06208896531928,1.06208896531928,1.4187943057663746,1,23629
1787753700,766.17,766.32,765.94,765.96,766.0575908727244,766.2301312132334,765.9652097257693,0,0,0,765.5804483888439,1.2735539700184726,1,0,0,0.7305669112351518,1.06208896531928,1.3087822296573206,1,25651
1787754000,765.959,766.04,765.38,765.43,766.0292005022927,766.0701049705867,765.9142373709342,0,0,0,765.5745484520265,0.9514591606140592,1,0,0,1.293778423343704,1.293778423343704,1.018359982820976,1,28099
1787754300,765.4,765.5,764.84,765.11,765.9491964339649,765.8780839764694,765.8376433356071,0,0,-1,765.5563308656725,0.6061908527988397,1,0,0,1.2671875406457263,1.293778423343704,0.7006997979148167,1,43686
1787754600,765.03,765.29,764.93,765.12,765.8972116444596,765.7264671811755,765.7692963512636,0,1,-1,765.5392198513324,0.361076970277972,0,0,0,0.6782489420758648,1.293778423343704,0.4742261658810629,0,31838
1787754900,765.13,765.6,765.019,765.22,765.8619712318691,765.6251737449404,765.7169824130481,0,0,-1,765.52670142579,0.1882696760414116,0,0,0,1.1203669494635247,1.293778423343704,0.30501532354417926,0,30981
1787755200,765.24,765.52,765.18,765.42,765.8400932575116,765.5841389959523,765.6886983737102,0,0,-1,765.5225170561512,0.12083575107967251,0,0,0,0.6500475504824845,1.2671875406457263,0.23445111641065694,0,25447
1787755500,765.4,765.56,765.11,765.53,765.8205137118493,765.5733111967619,765.6735842428807,0,0,-1,765.5228105049296,0.09986664019406215,0,0,0,0.8824144154061707,1.1203669494635247,0.204317624486242,0,26463
1787755800,765.57,765.93,765.53,765.64,765.8137562017176,765.5866489574095,765.6703857435587,0,1,-1,765.527406171403,0.11892974366856923,0,0,0,0.7910120560378594,1.1203669494635247,0.21260544238020365,0,35334
1787756100,765.64,765.9,765.55,765.87,765.8120912925259,765.6433191659276,765.6893966251245,0,0,0,765.5408412235048,0.2101888611093437,0,1,0,0.7026241183091861,0.8824144154061707,0.28891753395767955,0,27069
1787756400,765.86,766.43,765.85,766.19,765.8262247117069,765.752655332742,765.7370731370173,0,0,0,765.5662984304262,0.3771222308212174,1,1,1,1.189617361173112,1.189617361173112,0.43362926094595516,1,28110
1787756700,766.21,766.47,766.17,766.35,765.8446254407372,765.8721242661936,765.7954471239681,0,0,1,765.5970318253114,0.572766845766181,1,1,2,0.6070967473725332,1.189617361173112,0.6125279928578274,1,25981
1787757000,766.35,766.44,766.12,766.28,765.8840679150769,765.9536994129548,765.8415950169235,1,0,1,765.6238148909855,0.7036217318199819,1,1,3,0.6662683643993674,1.189617361173112,0.7360683836620779,1,70860
1787757300,766.27,766.27,765.54,765.73,765.882014818386,765.9089595303639,765.8309669200737,0,0,0,765.6279790129076,0.5755360847795365,1,1,4,1.5783707536153329,1.5783707536153329,0.6199481413612468,1,45430
1787757600,765.79,766.02,765.72,765.77,765.8805254395415,765.881167624291,765.8251605467334,0,0,0,765.6335484633819,0.521563427188659,1,0,0,0.6144939407079739,1.5783707536153329,0.5751557867163657,1,28104
1787757900,765.76,766.05,765.71,765.85,765.8802338525646,765.8749340994328,765.8275262089493,0,0,-1,765.6420367589355,0.5007066236123806,1,0,0,0.7161463781438189,1.5783707536153329,0.5581681224711112,1,24381
1787758200,765.84,765.89,765.13,765.26,765.863834645169,765.7519472795462,765.7734760938113,0,0,-1,765.6270549252519,0.2568749998399637,0,0,0,1.6339260600094103,1.6339260600094103,0.3314190290444195,0,33014
1787758500,765.26,765.55,765.26,765.44,765.8521805213196,765.689557823637,765.7417164658292,0,1,-1,765.6197194379871,0.1479047930298164,0,0,0,0.5964636536355787,1.6339260600094103,0.23017214066405628,0,24434
1787758800,765.48,766.14,765.42,766.07,765.852789788175,765.7656462589096,765.7729815643216,0,0,0,765.6373774992425,0.26183398821663556,0,1,0,1.524826927062369,1.6339260600094103,0.3238327038770794,0,23923
1787759100,766.05,766.26,765.96,766.24,765.8605988503047,765.8605170071277,765.8174595105767,0,0,0,765.6610097541741,0.4188490587013782,1,1,1,0.6123875889097727,1.6339260600094103,0.4657829525219144,1,25648
1787759400,766.25,766.3,765.32,765.39,765.8496747701864,765.7664136057022,765.7767490809979,0,0,0,765.6503819206771,0.22649188994287447,0,0,0,2.0574293488106243,2.0574293488106243,0.2852111627956963,0,60015
1787759700,765.39,765.76,765.31,765.32,765.8358329915677,765.6771308845617,765.7332491685219,0,0,0,765.637425766925,0.07818283539860398,0,0,0,0.8783924016296754,2.0574293488106243,0.1480244782198201,0,38910
1787760000,765.33,765.35,764.88,765.18,765.8097697971507,765.5777047076493,765.6805587715198,0,0,-1,765.6194875015555,0.08271429083014276,0,0,0,0.9254709424004914,2.0574293488106243,0.0034384680716637735,0,42052
1787760300,765.09,765.44,765.03,765.15,765.7958553672462,765.4921637661195,765.6300293647084,0,1,-1,765.6010762269847,0.21854618289340047,0,1,0,0.8116465192959705,2.0574293488106243,0.13401954502330826,0,26641
1787760600,765.145,765.3,764.96,765.04,765.7816933693274,765.4017310128955,765.573836091879,0,0,-1,765.5790732376912,0.3641231322626087,-1,1,1,0.6822516137588431,0.9254709424004914,0.2746177744026602,0,23989
1787760900,765.04,765.135,764.83,765,765.7681468022031,765.3213848103164,765.5191850355096,0,0,-1,765.556364483272,0.49569967825321504,-1,1,2,0.6262330105987908,0.9254709424004914,0.4040932041463889,-1,20476
1787761200,764.99,765.1,764.87,764.93,765.7494478119002,765.2431078482531,765.4630721749849,0,0,-1,765.5318011702025,0.632260266000825,-1,1,3,0.485194845001836,0.8116465192959705,0.5390748635144839,-1,28646
1787761500,764.94,764.99,764.73,764.8,765.7319663520768,765.1544862786025,765.3999224440339,0,0,-1,765.5031030850965,0.7877242799244795,-1,1,4,0.5694197151849327,0.6822516137588431,0.6928036502890336,-1,24064
1787761800,764.78,764.96,764.77,764.88,765.7157246449732,765.099589022882,765.3504060207925,0,0,-1,765.4786676699947,0.8929544342534173,-1,1,5,0.42931841035104057,0.6262330105987908,0.8023925213336938,-1,24042
1787762100,764.85,764.89,764.16,764.16,765.6735717525146,764.9116712183056,765.2370340188123,0,0,-1,765.4269552123478,1.1544608065443276,-1,1,6,1.7195817859169142,1.7195817859169142,1.0540357813400942,-1,42342
1787762400,764.16,764.38,763.93,764.01,765.6253862285141,764.7313369746445,765.1201736360683,0,0,-1,765.3713883412754,1.4331550887071822,-1,1,7,1.0081961965666284,1.7195817859169142,1.325000483743082,-1,41826
1787762700,764.01,764.35,763.95,764.07,765.5821652343387,764.5990695797155,765.0201570992999,0,0,-1,765.3203535043626,1.6271731957461053,-1,1,8,0.8956500452461336,1.7195817859169142,1.5223822284341852,-1,40296
1787763000,764.08,764.32,764.05,764.19,765.5542596770928,764.5172556637724,764.9410945184143,0,0,-1,765.2760259159562,1.76090665254974,-1,1,9,0.6091037770827451,1.7195817859169142,1.667375727863272,-1,28575
1787763300,764.18,764.81,764.18,764.7,765.5189610453972,764.5538045310179,764.9181331357081,0,0,-1,765.25343666435,1.5717863835770034,-1,0,0,1.4620646867921605,1.4620646867921605,1.5135637726077213,-1,52783
1787763600,764.68,764.96,764.58,764.889,765.507821729227,764.6208436248144,764.915358551355,0,0,-1,765.239145030454,1.4037382568777879,-1,0,0,0.8537041072064899,1.4620646867921605,1.3767642718660715,-1,23642
1787763900,764.86,765.1,764.71,765.05,765.4992168355751,764.7066748998515,764.928181546464,0,0,-1,765.2317275782793,1.2018706239116608,-1,0,0,0.8854224091824443,1.4620646867921605,1.2037320583866284,-1,23730
1787764200,765.04,765.14,764.99,765.14,765.4922169143617,764.7933399198812,764.948354732515,0,0,-1,765.2281304183468,1.0442339571837003,-1,0,0,0.3433571544221509,1.4620646867921605,1.0705494478777315,-1,26612
1787764500,765.15,765.5,765.15,765.33,765.4893969066421,764.9006719359049,764.9847019008469,0,0,-1,765.2321253039019,0.8038232810438113,-1,0,0,0.8646100269273705,0.8854224091824443,0.8533684223873514,-1,26960
1787764800,765.33,765.66,765.33,765.66,765.4902720122731,765.052537548724,765.0490160055281,0,0,0,765.2489047037488,0.4831105737144276,0,0,0,0.8002986493921177,0.8854224091824443,0.5592829188816371,-1,23189
1787765100,765.63,765.72,765.43,765.65,765.4916540223991,765.1720300389792,765.1062525764302,0,0,0,765.2646339310528,0.23258816431793458,0,0,0,0.7134699606942165,0.8646100269273705,0.3241143606754648,0,20484
1787765400,765.65,765.79,765.535,765.77,765.4947867388232,765.2916240311833,765.1694666167701,0,0,1,765.2844522082664,0.018487859872841392,0,0,0,0.6404696452059067,0.8646100269273705,0.08540936756348291,0,25031
1787765700,765.77,765.84,765.6,765.62,765.4976773002755,765.3572992249467,765.2123745580301,1,0,1,765.2976109451971,0.15817544459441357,0,0,0,0.6186832024276832,0.8002986493921177,0.055223275964975616,0,25258
1787766000,765.62,765.75,765.47,765.68,765.4997410246259,765.4218393799573,765.2569103144082,0,0,1,765.3126065944051,0.29490414633817824,0,1,0,0.7420070518405748,0.7420070518405748,0.19452047581931484,0,25901
1787766300,765.71,765.71,765.45,765.46,765.5001447120254,765.4294715039658,765.2762521892264,0,0,0,765.3183867279579,0.3064279142083646,0,1,0,0.7019419825312998,0.7420070518405748,0.22025000267545378,0,17245
1787766600,765.47,765.77,765.441,765.769,765.5016247623447,765.4973772031726,765.3231805521572,0,0,1,765.3360578366654,0.44795846987019766,0,1,0,0.9075481573400201,0.9075481573400201,0.36271199022133915,0,16072
1787766900,765.77,765.86,765.65,765.67,765.5034369542421,765.531901762538,765.3562109757612,1,0,1,765.3491536077765,0.523036747181816,1,1,1,0.5831369209384976,0.9075481573400201,0.4446740732583634,0,14092
1787767200,765.67,765.68,765.48,765.519,765.5042578398233,765.5293214100304,765.3717146923553,0,0,1,765.3558142506089,0.512233034348333,1,1,2,0.5724126165478886,0.9075481573400201,0.44821658535565595,1,25926
1787767500,765.52,765.86,765.51,765.76,765.506359603841,765.5754571280244,765.4086942454644,0,0,1,765.3716646721537,0.6002153753473359,1,1,3,1.0332804860596672,1.0332804860596672,0.5397164555132178,1,18329
1787767800,765.79,765.79,765.38,765.4,765.5066000142123,765.5403657024195,765.4078662220868,0,0,0,765.3727758614809,0.4863800310136992,1,0,0,1.2075437377746199,1.2075437377746199,0.44769206217146135,1,25778
1787768100,765.425,765.77,765.36,765.73,765.5084136522581,765.5782925619357,765.4385456295071,0,0,1,765.3867846512268,0.5483569417966866,1,0,0,1.189903944050266,1.2075437377746199,0.511392527485915,1,29581
1787768400,765.73,765.98,765.56,765.565,765.5112323968574,765.5756340495485,765.4505889028874,1,0,1,765.3937734884336,0.5133043379135569,1,1,1,1.2026130654453988,1.2075437377746199,0.4869807273651487,1,27377
1787768700,765.56,765.73,765.49,765.61,765.5126113762599,765.5825072396389,765.4657709121362,0,0,1,765.4022529594754,0.5207704815220413,1,0,0,0.6774038326066425,1.2075437377746199,0.5004020839910195,1,26577
1787769000,765.57,765.89,765.53,765.75,765.5165183367423,765.6160057917111,765.4928403490757,0,0,1,765.4158900983194,0.5765017526938178,1,1,1,1.0400716874957106,1.2026130654453988,0.5561827129989086,1,35960
1787769300,765.75,765.83,765.61,765.73,765.5214619150119,765.6388046333689,765.515426982497,0,0,1,765.4282081336795,0.6229916379553101,1,1,2,0.6337853041060872,1.2026130654453988,0.6051174017915946,1,47496
1787769600,765.74,765.89,765.675,765.86,765.5278960279027,765.6830437066951,765.5482434603545,0,0,1,765.445141148045,0.7225545596174392,1,1,3,0.6360181786401237,1.0400716874957106,0.7024589975830337,1,45588
1787769900,765.88,766.44,765.86,766.32,765.5458113494554,765.8104349653561,765.6217440831779,0,0,1,765.4794493383177,0.9534023074732308,1,1,4,1.7615684629707233,1.7615684629707233,0.9162343894915304,1,55102
1787770200,766.31,766.58,766.22,766.46,765.5683917130648,765.9403479722848,765.7015779800181,0,0,1,765.5179023054426,1.2136468645562177,1,1,5,1.0369780517708946,1.7615684629707233,1.1633842001260692,1,55355
1787770500,766.47,766.63,766.33,766.5,765.585325888816,766.0522783778279,765.7776181723973,0,0,1,765.5564159405233,1.4387616161531165,1,1,6,0.8618719232899179,1.7615684629707233,1.3831620082272191,1,40263
1787770800,766.52,767.34,766.48,767.26,765.620733927,766.2938227022623,765.9187973940737,0,0,1,765.6232231585419,1.7579980883850526,1,1,7,2.4953190578774134,2.4953190578774134,1.6810619856428335,1,54986
1787771100,767.26,767.279,766.88,766.955,765.6321687852139,766.4260581618099,766.0174833565429,0,0,1,765.6754497013442,1.96130096990971,1,1,8,1.045991223576022,2.4953190578774134,1.88746524208773,1,18206
1787771400,766.96,767.09,766.88,766.96,765.6624843892045,766.532846529448,766.107246846396,0,0,1,765.7258242228601,2.178944274786487,1,1,9,0.5487191063974274,2.4953190578774134,2.1123963541620645,1,52053
1787771700,766.94,767.27,766.94,767.19,765.6832901712278,766.6642772235584,766.2103661943584,0,0,1,765.7832428807872,2.397442226722338,1,1,10,0.8909934766481787,2.4953190578774134,2.335455332822934,1,33124
1787772000,767.19,767.19,766.82,767.03,765.7076926379541,766.7374217788467,766.2884265568005,0,0,1,765.8321353168348,2.4622347296738285,1,1,11,1.0068320618434352,1.045991223576022,2.4184047111123577,1,43766
1787772300,767.02,767.12,766.83,766.89,765.7277838711593,766.7679374230773,766.3457192656766,0,0,1,765.8736202063707,2.4696649552232093,1,1,12,0.7887537277629878,1.0068320618434352,2.450384156538556,1,39320
1787772600,766.9,766.91,766.75,766.86,765.7510673126309,766.7863499384619,766.3946983832312,0,0,1,765.9123017669051,2.5139178648021376,1,1,13,0.44184142433348816,1.0068320618434352,2.5187879836635747,1,51846
1787772900,766.86,766.87,766.59,766.66,765.7757424018512,766.7610799507695,766.4199652038759,0,0,1,765.9416232662421,2.3901379565499554,1,0,0,0.805329757616027,1.0068320618434352,2.425810428878146,1,65645
1787773200,766.67,766.87,766.6,766.69,765.8186078091512,766.7468639606157,766.4456828035068,0,0,1,765.9709713734483,2.297949596640948,1,0,0,0.7875184380741742,0.805329757616027,2.357241536351246,1,120896
1787773500,766.67,767.105,766.645,767.1,765.8464510740167,766.8174911684926,766.5079987269824,0,0,1,766.0152470058621,2.3160462596853626,1,0,0,1.3623751946309939,1.3623751946309939,2.3742980869480728,1,67193
1787773800,767.1,767.21,766.01,766.19,765.8833145841164,766.691992934794,766.4777131339364,0,0,1,766.0221000644557,1.6444831739770038,1,0,0,3.4643511802063593,3.4643511802063593,1.7307681949638722,1,171557
1787774100,766.18,766.43,765.49,765.95,765.8891501285347,766.5435943478352,766.4274547402282,0,0,1,766.0192726109476,1.1771835046275012,1,0,0,2.307554315001947,3.4643511802063593,1.2860030817983656,1,250815