Trade number,Type,Date and time,Signal,Price USD,Size (qty),Size (value),Net PnL USD,Return %,Commission USD,Favorable excursion USD,Favorable excursion %,Adverse excursion USD,Adverse excursion %,Cumulative PnL USD,Cumulative PnL %,Duration (bars)
1,Exit long,2015-01-27,1 ATR stop,167.54,587,99784.13,-1457.96,-1.46,19.81,136.77,0.14,-1448.13,-1.45,-1457.96,-1.46,2
1,Entry long,2015-01-23,CB V4,169.99,587,99784.13,-1457.96,-1.46,19.81,136.77,0.14,-1448.13,-1.45,-1457.96,-1.46,2
2,Exit long,2015-02-17,2R target,173.51,582,98037.9,2925.02,2.98,19.9,2935.12,2.99,-213.5,-0.22,1467.05,1.47,8
2,Entry long,2015-02-04,CB V4,168.45,582,98037.9,2925.02,2.98,19.9,2935.12,2.99,-213.5,-0.22,1467.05,1.47,8
3,Exit long,2015-03-25,1 ATR stop,171.55,583,101115.52,-1121.98,-1.11,20.11,992.65,0.98,-1111.98,-1.10,345.07,0.35,4
3,Entry long,2015-03-19,CB V4,173.44,583,101115.52,-1121.98,-1.11,20.11,992.65,0.98,-1111.98,-1.10,345.07,0.35,4
4,Exit short,2015-03-26,Margin call,171.23,20,3400.8,-24.48,-0.72,0.68,13.26,0.39,-24.14,-0.71,310.95,0.31,0
4,Entry short,2015-03-26,CB V4,170.04,20,3400.8,-24.48,-0.72,0.68,13.26,0.39,-24.14,-0.71,310.95,0.31,0
5,Exit short,2015-03-30,1 ATR stop,171.89,567,96412.68,-1068.34,-1.11,19.39,375.92,0.39,-1058.59,-1.10,-747.75,-0.75,2
5,Entry short,2015-03-26,CB V4,170.04,567,96412.68,-1068.34,-1.11,19.39,375.92,0.39,-1058.59,-1.10,-747.75,-0.75,2
6,Exit long,2015-04-01,1 ATR stop,170.14,574,98710.78,-1070.06,-1.08,19.64,386.19,0.39,-1060.29,-1.07,-1817.8,-1.82,1
6,Entry long,2015-03-31,CB V4,171.97,574,98710.78,-1070.06,-1.08,19.64,386.19,0.39,-1060.29,-1.07,-1817.8,-1.82,1
7,Exit long,2015-04-27,2R target,176.17,569,98135.43,2085.46,2.12,19.84,2095.49,2.14,-413.8,-0.42,267.66,0.27,14
7,Entry long,2015-04-07,CB V4,172.47,569,98135.43,2085.46,2.12,19.84,2095.49,2.14,-413.8,-0.42,267.66,0.27,14
8,Exit long,2015-05-12,1 ATR stop,173.76,570,100063.5,-1040.21,-1.04,19.91,132.49,0.13,-1030.31,-1.03,-772.55,-0.77,1
8,Entry long,2015-05-11,CB V4,175.55,570,100063.5,-1040.21,-1.04,19.91,132.49,0.13,-1030.31,-1.03,-772.55,-0.77,1
9,Exit long,2015-07-24,1 ATR stop,173.82,564,99094.8,-1080.03,-1.09,19.71,1140.65,1.15,-1070.23,-1.08,-1852.59,-1.85,7
9,Entry long,2015-07-15,CB V4,175.7,564,99094.8,-1080.03,-1.09,19.71,1140.65,1.15,-1070.23,-1.08,-1852.59,-1.85,7
10,Exit short,2015-09-03,Margin call,163.64,16,2576,-42.76,-1.66,0.52,31.42,1.22,-42.5,-1.65,-1904.67,-1.90,2
10,Entry short,2015-09-01,CB V4,161,16,2576,-42.76,-1.66,0.52,31.42,1.22,-42.5,-1.65,-1904.67,-1.90,2
11,Exit short,2015-09-03,1 ATR stop,164.21,579,93219,-1877.42,-2.01,18.83,1137.1,1.22,-1867.91,-2.00,-3772.77,-3.77,2
11,Entry short,2015-09-01,CB V4,161,579,93219,-1877.42,-2.01,18.83,1137.1,1.22,-1867.91,-2.00,-3772.77,-3.77,2
12,Exit long,2015-09-14,Margin call,164.19,1,164.21,-0.05,-0.03,0.03,0,0.00,-0.04,-0.02,-3782.42,-3.78,0
12,Entry long,2015-09-14,CB V4,164.21,1,164.21,-0.05,-0.03,0.03,0,0.00,-0.04,-0.02,-3782.42,-3.78,0
13,Exit long,2015-09-24,1 ATR stop,160.94,585,96062.85,-1931.97,-2.01,19.02,2886.14,3.00,-1922.56,-2.00,-5704.79,-5.70,8
13,Entry long,2015-09-14,CB V4,164.21,585,96062.85,-1931.97,-2.01,19.02,2886.14,3.00,-1922.56,-2.00,-5704.79,-5.70,8
14,Exit long,2015-10-23,2R target,173.69,564,94041.36,3900.6,4.15,19.2,3910.4,4.16,-184.24,-0.20,-1804.19,-1.80,11
14,Entry long,2015-10-08,CB V4,166.74,564,94041.36,3900.6,4.15,19.2,3910.4,4.16,-184.24,-0.20,-1804.19,-1.80,11
15,Exit long,2015-12-03,1 ATR stop,172.81,561,98074.02,-1147.11,-1.17,19.5,1117.8,1.14,-1137.42,-1.16,-2951.3,-2.95,9
15,Entry long,2015-11-19,CB V4,174.82,561,98074.02,-1147.11,-1.17,19.5,1117.8,1.14,-1137.42,-1.16,-2951.3,-2.95,9
16,Exit long,2015-12-08,1 ATR stop,173.04,552,96798.72,-1299.87,-1.34,19.23,216.64,0.22,-1290.32,-1.33,-4251.17,-4.25,1
16,Entry long,2015-12-07,CB V4,175.36,552,96798.72,-1299.87,-1.34,19.23,216.64,0.22,-1290.32,-1.33,-4251.17,-4.25,1
17,Exit long,2016-02-24,1 ATR stop,160.62,582,95191.92,-1729.95,-1.82,18.87,141.8,0.15,-1720.6,-1.81,-5981.12,-5.98,1
17,Entry long,2016-02-23,CB V4,163.56,582,95191.92,-1729.95,-1.82,18.87,141.8,0.15,-1720.6,-1.81,-5981.12,-5.98,1
18,Exit long,2016-07-12,2R target,182.74,525,93450,2469.56,2.64,18.94,2479.16,2.65,-859.84,-0.92,-3511.56,-3.51,5
18,Entry long,2016-07-05,CB V4,178,525,93450,2469.56,2.64,18.94,2479.16,2.65,-859.84,-0.92,-3511.56,-3.51,5
19,Exit long,2018-02-28,1 ATR stop,240.33,395,96443.2,-1531.99,-1.59,19.14,266.86,0.28,-1522.49,-1.58,-5043.55,-5.04,1
19,Entry long,2018-02-27,CB V4,244.16,395,96443.2,-1531.99,-1.59,19.14,266.86,0.28,-1522.49,-1.58,-5043.55,-5.04,1
20,Exit long,2018-04-02,1 ATR stop,227.34,409,94654.87,-1691.57,-1.79,18.76,195.03,0.21,-1682.28,-1.78,-6735.12,-6.74,0
20,Entry long,2018-04-02,CB V4,231.43,409,94654.87,-1691.57,-1.79,18.76,195.03,0.21,-1682.28,-1.78,-6735.12,-6.74,0
21,Exit long,2018-05-22,2R target,241.61,396,93024.36,2634.33,2.83,18.87,2643.9,2.84,-484.5,-0.52,-4100.79,-4.10,10
21,Entry long,2018-05-08,CB V4,234.91,396,93024.36,2634.33,2.83,18.87,2643.9,2.84,-484.5,-0.52,-4100.79,-4.10,10
22,Exit long,2018-06-25,1 ATR stop,239.97,395,95763.8,-994.71,-1.04,19.06,1530.92,1.60,-985.23,-1.03,-5095.5,-5.10,14
22,Entry long,2018-06-05,CB V4,242.44,395,95763.8,-994.71,-1.04,19.06,1530.92,1.60,-985.23,-1.03,-5095.5,-5.10,14
23,Exit long,2018-10-18,1 ATR stop,246.37,380,94783.4,-1181.64,-1.25,18.84,226.12,0.24,-1172.28,-1.24,-6277.14,-6.28,1
23,Entry long,2018-10-17,CB V4,249.43,380,94783.4,-1181.64,-1.25,18.84,226.12,0.24,-1172.28,-1.24,-6277.14,-6.28,1
24,Exit long,2018-11-29,2R target,244.97,393,93097.77,3156.5,3.39,18.94,3166.13,3.40,-252.97,-0.27,-3120.63,-3.12,2
24,Entry long,2018-11-27,CB V4,236.89,393,93097.77,3156.5,3.39,18.94,3166.13,3.40,-252.97,-0.27,-3120.63,-3.12,2
25,Exit long,2019-01-09,2R target,231.28,433,95285.98,4838.72,5.08,19.54,4848.73,5.09,-910.17,-0.96,1718.08,1.72,5
25,Entry long,2019-01-02,CB V4,220.06,433,95285.98,4838.72,5.08,19.54,4848.73,5.09,-910.17,-0.96,1718.08,1.72,5
26,Exit long,2019-03-27,1 ATR stop,249.97,402,101541.18,-1073.44,-1.06,20.2,223.01,0.22,-1063.39,-1.05,644.64,0.64,0
26,Entry long,2019-03-27,CB V4,252.59,402,101541.18,-1073.44,-1.06,20.2,223.01,0.22,-1063.39,-1.05,644.64,0.64,0
27,Exit long,2019-06-20,2R target,266,386,100325.26,2330.44,2.32,20.3,2340.71,2.33,-307.25,-0.31,2975.08,2.98,4
27,Entry long,2019-06-14,CB V4,259.91,386,100325.26,2330.44,2.32,20.3,2340.71,2.33,-307.25,-0.31,2975.08,2.98,4
28,Exit long,2019-11-01,2R target,277.17,379,102576.35,2450.32,2.39,20.76,2460.82,2.40,-487.8,-0.48,5425.4,5.43,12
28,Entry long,2019-10-16,CB V4,270.65,379,102576.35,2450.32,2.39,20.76,2460.82,2.40,-487.8,-0.48,5425.4,5.43,12
29,Exit short,2020-05-13,Margin call,263.33,8,2098.16,-8.9,-0.42,0.42,0,0.00,-8.69,-0.41,5406.19,5.41,0
29,Entry short,2020-05-13,CB V4,262.27,8,2098.16,-8.9,-0.42,0.42,0,0.00,-8.69,-0.41,5406.19,5.41,0
30,Exit short,2020-05-18,Margin call,268.7,40,10490.8,-259.32,-2.47,2.12,353.75,3.37,-258.25,-2.46,5147.92,5.15,3
30,Entry short,2020-05-13,CB V4,262.27,40,10490.8,-259.32,-2.47,2.12,353.75,3.37,-258.25,-2.46,5147.92,5.15,3
31,Exit short,2020-05-18,1 ATR stop,269.13,353,92581.31,-2440.34,-2.64,18.76,3121.85,3.37,-2430.84,-2.63,2716.84,2.72,3
31,Entry short,2020-05-13,CB V4,262.27,353,92581.31,-2440.34,-2.64,18.76,3121.85,3.37,-2430.84,-2.63,2716.84,2.72,3
32,Exit long,2020-06-03,2R target,285.51,377,102593.01,5023.24,4.90,21.02,5034,4.91,-1250.59,-1.22,7740.07,7.74,8
32,Entry long,2020-05-21,CB V4,272.13,377,102593.01,5023.24,4.90,21.02,5034,4.91,-1250.59,-1.22,7740.07,7.74,8
33,Exit long,2020-06-24,1 ATR stop,279.4,374,106717.16,-2242.68,-2.10,21.12,217.47,0.20,-2232.23,-2.09,5497.39,5.50,0
33,Entry long,2020-06-24,CB V4,285.34,374,106717.16,-2242.68,-2.10,21.12,217.47,0.20,-2232.23,-2.09,5497.39,5.50,0
34,Exit short,2020-07-14,1 ATR stop,294.15,363,104729.13,-2068.47,-1.97,21.15,421.5,0.40,-2057.79,-1.96,3428.92,3.43,0
34,Entry short,2020-07-14,CB V4,288.51,363,104729.13,-2068.47,-1.97,21.15,421.5,0.40,-2057.79,-1.96,3428.92,3.43,0
35,Exit short,2020-07-27,Margin call,297.84,12,3554.16,-20.63,-0.58,0.71,9,0.25,-20.28,-0.57,3398.31,3.40,0
35,Entry short,2020-07-27,CB V4,296.18,12,3554.16,-20.63,-0.58,0.71,9,0.25,-20.28,-0.57,3398.31,3.40,0
36,Exit short,2020-08-03,1 ATR stop,302.36,337,99812.66,-2102.83,-2.11,20.17,603.36,0.60,-2092.64,-2.10,1305.46,1.31,5
36,Entry short,2020-07-27,CB V4,296.18,337,99812.66,-2102.83,-2.11,20.17,603.36,0.60,-2092.64,-2.10,1305.46,1.31,5
37,Exit short,2020-10-15,Margin call,321.79,12,3813.36,-48.89,-1.28,0.77,5.86,0.15,-48.5,-1.27,1246.97,1.25,0
37,Entry short,2020-10-15,CB V4,317.78,12,3813.36,-48.89,-1.28,0.77,5.86,0.15,-48.5,-1.27,1246.97,1.25,0
38,Exit short,2020-10-16,1 ATR stop,322.97,302,95969.56,-1586.73,-1.65,19.35,147.44,0.15,-1576.98,-1.64,-330.16,-0.33,1
38,Entry short,2020-10-15,CB V4,317.78,302,95969.56,-1586.73,-1.65,19.35,147.44,0.15,-1576.98,-1.64,-330.16,-0.33,1
39,Exit long,2020-12-04,2R target,341.75,301,99495.55,3350.96,3.37,20.24,3361.25,3.38,-744.39,-0.75,3020.8,3.02,9
39,Entry long,2020-11-20,CB V4,330.55,301,99495.55,3350.96,3.37,20.24,3361.25,3.38,-744.39,-0.75,3020.8,3.02,9
40,Exit short,2020-12-10,Margin call,340.13,8,2702.48,-19.1,-0.71,0.54,6.61,0.24,-18.83,-0.70,2991.73,2.99,0
40,Entry short,2020-12-10,CB V4,337.81,8,2702.48,-19.1,-0.71,0.54,6.61,0.24,-18.83,-0.70,2991.73,2.99,0
41,Exit short,2020-12-16,1 ATR stop,341.95,295,99653.95,-1241.35,-1.25,20.05,562.33,0.56,-1231.27,-1.24,1760.35,1.76,4
41,Entry short,2020-12-10,CB V4,337.81,295,99653.95,-1241.35,-1.25,20.05,562.33,0.56,-1231.27,-1.24,1760.35,1.76,4
42,Exit short,2021-03-04,Margin call,356.57,12,4247.64,-32.05,-0.75,0.85,0,0.00,-31.62,-0.74,1718.56,1.72,0
42,Entry short,2021-03-04,CB V4,353.97,12,4247.64,-32.05,-0.75,0.85,0,0.00,-31.62,-0.74,1718.56,1.72,0
43,Exit short,2021-03-08,1 ATR stop,359.12,275,97341.75,-1435.86,-1.47,19.61,2374.52,2.44,-1425.98,-1.46,292.43,0.29,2
43,Entry short,2021-03-04,CB V4,353.97,275,97341.75,-1435.86,-1.47,19.61,2374.52,2.44,-1425.98,-1.46,292.43,0.29,2
44,Exit long,2021-03-25,1 ATR stop,358.14,274,99752.44,-1641.87,-1.65,19.79,1527.16,1.53,-1632.06,-1.64,-1349.43,-1.35,9
44,Entry long,2021-03-12,CB V4,364.06,274,99752.44,-1641.87,-1.65,19.79,1527.16,1.53,-1632.06,-1.64,-1349.43,-1.35,9
45,Exit long,2021-05-19,1 ATR stop,379.07,254,98292.92,-2028.6,-2.06,19.46,223.85,0.23,-2018.97,-2.05,-3378.03,-3.38,2
45,Entry long,2021-05-17,CB V4,386.98,254,98292.92,-2028.6,-2.06,19.46,223.85,0.23,-2018.97,-2.05,-3378.03,-3.38,2
46,Exit long,2021-10-04,1 ATR stop,401.11,237,96222,-1178.06,-1.22,19.13,201.31,0.21,-1168.55,-1.21,-4556.09,-4.56,0
46,Entry long,2021-10-04,CB V4,406,237,96222,-1178.06,-1.22,19.13,201.31,0.21,-1168.55,-1.21,-4556.09,-4.56,0
47,Exit long,2022-01-10,1 ATR stop,434.89,216,95271.12,-1353.8,-1.42,18.92,2269.27,2.38,-1344.41,-1.41,-5909.89,-5.91,11
47,Entry long,2021-12-23,CB V4,441.07,216,95271.12,-1353.8,-1.42,18.92,2269.27,2.38,-1344.41,-1.41,-5909.89,-5.91,11
48,Exit long,2022-01-13,1 ATR stop,438.13,212,94072.88,-1208.02,-1.28,18.7,308.59,0.33,-1198.73,-1.27,-7117.91,-7.12,1
48,Entry long,2022-01-12,CB V4,443.74,212,94072.88,-1208.02,-1.28,18.7,308.59,0.33,-1198.73,-1.27,-7117.91,-7.12,1
49,Exit short,2022-02-04,Margin call,426.04,24,10079.28,-147.71,-1.47,2.03,55.63,0.55,-146.69,-1.46,-7273.89,-7.27,0
49,Entry short,2022-02-04,CB V4,419.97,24,10079.28,-147.71,-1.47,2.03,55.63,0.55,-146.69,-1.46,-7273.89,-7.27,0
50,Exit short,2022-02-09,1 ATR stop,428.67,197,82734.09,-1730.62,-2.09,16.72,456.65,0.55,-1722.17,-2.08,-8996.23,-9.00,3
50,Entry short,2022-02-04,CB V4,419.97,197,82734.09,-1730.62,-2.09,16.72,456.65,0.55,-1722.17,-2.08,-8996.23,-9.00,3
51,Exit short,2022-03-16,Margin call,409.95,12,4872.48,-47.9,-0.98,0.98,184.91,3.79,-47.41,-0.97,-9052.7,-9.05,7
51,Entry short,2022-03-07,CB V4,406.04,12,4872.48,-47.9,-0.98,0.98,184.91,3.79,-47.41,-0.97,-9052.7,-9.05,7
52,Exit short,2022-03-17,1 ATR stop,414.71,211,85674.44,-1846.69,-2.16,17.32,3251.38,3.79,-1837.94,-2.15,-10890.82,-10.89,8
52,Entry short,2022-03-07,CB V4,406.04,211,85674.44,-1846.69,-2.16,17.32,3251.38,3.79,-1837.94,-2.15,-10890.82,-10.89,8
53,Exit long,2022-04-22,1 ATR stop,410.5,212,88912.8,-1904.39,-2.14,17.59,3535.75,3.98,-1895.69,-2.13,-12795.22,-12.80,23
53,Entry long,2022-03-21,CB V4,419.4,212,88912.8,-1904.39,-2.14,17.59,3535.75,3.98,-1895.69,-2.13,-12795.22,-12.80,23
54,Exit short,2022-06-13,2R target,355.09,230,85718.7,4031.26,4.70,16.74,4039.43,4.71,-206.37,-0.24,-8763.95,-8.76,1
54,Entry short,2022-06-10,CB V4,372.69,230,85718.7,4031.26,4.70,16.74,4039.43,4.71,-206.37,-0.24,-8763.95,-8.76,1
55,Exit short,2022-06-30,Margin call,360.84,12,4279.56,-51.38,-1.20,0.86,41.21,0.96,-50.95,-1.19,-8823.93,-8.82,0
55,Entry short,2022-06-30,CB V4,356.63,12,4279.56,-51.38,-1.20,0.86,41.21,0.96,-50.95,-1.19,-8823.93,-8.82,0
56,Exit short,2022-07-06,1 ATR stop,365.41,241,85947.83,-2133.38,-2.48,17.4,827.68,0.96,-2124.57,-2.47,-10948.72,-10.95,3
56,Entry short,2022-06-30,CB V4,356.63,241,85947.83,-2133.38,-2.48,17.4,827.68,0.96,-2124.57,-2.47,-10948.72,-10.95,3
57,Exit short,2022-07-13,Margin call,362.04,16,5688.8,-104.99,-1.85,1.15,5.99,0.11,-104.41,-1.84,-11061.88,-11.06,0
57,Entry short,2022-07-13,CB V4,355.55,16,5688.8,-104.99,-1.85,1.15,5.99,0.11,-104.41,-1.84,-11061.88,-11.06,0
58,Exit short,2022-07-15,1 ATR stop,363.27,230,81776.5,-1792.13,-2.19,16.53,872.72,1.07,-1783.78,-2.18,-12845.84,-12.85,2
58,Entry short,2022-07-13,CB V4,355.55,230,81776.5,-1792.13,-2.19,16.53,872.72,1.07,-1783.78,-2.18,-12845.84,-12.85,2
59,Exit short,2022-08-29,2R target,381.25,217,85784.44,3036.34,3.54,16.85,3044.61,3.55,-609.67,-0.71,-9809.5,-9.81,5
59,Entry short,2022-08-22,CB V4,395.32,217,85784.44,3036.34,3.54,16.85,3044.61,3.55,-609.67,-0.71,-9809.5,-9.81,5
60,Exit short,2022-10-07,Margin call,355.32,8,2809.44,-33.69,-1.20,0.57,0,0.00,-33.4,-1.19,-9851.79,-9.85,0
60,Entry short,2022-10-07,CB V4,351.18,8,2809.44,-33.69,-1.20,0.57,0,0.00,-33.4,-1.19,-9851.79,-9.85,0
61,Exit short,2022-10-13,2R target,332.38,245,86039.1,4589.25,5.33,16.75,4597.4,5.34,-1022.9,-1.19,-5253.93,-5.25,4
61,Entry short,2022-10-07,CB V4,351.18,245,86039.1,4589.25,5.33,16.75,4597.4,5.34,-1022.9,-1.19,-5253.93,-5.25,4
62,Exit short,2022-10-20,Margin call,354.72,24,8406.96,-108.01,-1.28,1.69,77.16,0.92,-107.16,-1.27,-5370.56,-5.37,0
62,Entry short,2022-10-20,CB V4,350.29,24,8406.96,-108.01,-1.28,1.69,77.16,0.92,-107.16,-1.27,-5370.56,-5.37,0
63,Exit short,2022-10-24,1 ATR stop,358.94,246,86171.34,-2145.35,-2.49,17.45,1041.8,1.21,-2136.52,-2.48,-7507.29,-7.51,2
63,Entry short,2022-10-20,CB V4,350.29,246,86171.34,-2145.35,-2.49,17.45,1041.8,1.21,-2136.52,-2.48,-7507.29,-7.51,2
64,Exit short,2022-11-30,1 ATR stop,382.58,245,92222.9,-1527.8,-1.66,18.6,456.28,0.49,-1518.42,-1.65,-9035.09,-9.04,0
64,Entry short,2022-11-30,CB V4,376.42,245,92222.9,-1527.8,-1.66,18.6,456.28,0.49,-1518.42,-1.65,-9035.09,-9.04,0
65,Exit short,2022-12-19,Margin call,367.01,1,366.66,-0.42,-0.12,0.07,0,0.00,-0.39,-0.11,-9044.57,-9.04,0
65,Entry short,2022-12-19,CB V4,366.66,1,366.66,-0.42,-0.12,0.07,0,0.00,-0.39,-0.11,-9044.57,-9.04,0
66,Exit short,2022-12-21,Margin call,370.45,12,4399.92,-46.36,-1.05,0.88,64,1.45,-45.92,-1.04,-9090.49,-9.09,2
66,Entry short,2022-12-19,CB V4,366.66,12,4399.92,-46.36,-1.05,0.88,64,1.45,-45.92,-1.04,-9090.49,-9.09,2
67,Exit short,2023-01-09,1 ATR stop,373.56,235,86165.1,-1638.9,-1.90,17.4,1944.23,2.26,-1630.12,-1.89,-10720.77,-10.72,13
67,Entry short,2022-12-19,CB V4,366.66,235,86165.1,-1638.9,-1.90,17.4,1944.23,2.26,-1630.12,-1.89,-10720.77,-10.72,13
68,Exit long,2023-01-27,2R target,388.84,235,88449.3,2910.12,3.29,17.98,2919.26,3.30,-1439.99,-1.63,-7810.65,-7.81,9
68,Entry long,2023-01-13,CB V4,376.38,235,88449.3,2910.12,3.29,17.98,2919.26,3.30,-1439.99,-1.63,-7810.65,-7.81,9
69,Exit short,2023-02-07,1 ATR stop,396.95,235,91873.25,-1428.52,-1.55,18.52,282.21,0.31,-1419.19,-1.54,-9239.17,-9.24,0
69,Entry short,2023-02-07,CB V4,390.95,235,91873.25,-1428.52,-1.55,18.52,282.21,0.31,-1419.19,-1.54,-9239.17,-9.24,0
70,Exit short,2023-02-10,Margin call,390.55,8,3104.56,-20.46,-0.66,0.62,6.17,0.20,-20.15,-0.65,-9268.36,-9.27,0
70,Entry short,2023-02-10,CB V4,388.07,8,3104.56,-20.46,-0.66,0.62,6.17,0.20,-20.15,-0.65,-9268.36,-9.27,0
71,Exit short,2023-02-13,1 ATR stop,394.34,225,87315.75,-1428.35,-1.64,17.6,173.52,0.20,-1419.48,-1.63,-10687.98,-10.69,1
71,Entry short,2023-02-10,CB V4,388.07,225,87315.75,-1428.35,-1.64,17.6,173.52,0.20,-1419.48,-1.63,-10687.98,-10.69,1
72,Exit long,2023-02-21,1 ATR stop,385.02,225,87950.25,-1338.21,-1.52,17.46,875.45,1.00,-1329.54,-1.51,-12026.19,-12.03,2
72,Entry long,2023-02-16,CB V4,390.89,225,87950.25,-1338.21,-1.52,17.46,875.45,1.00,-1329.54,-1.51,-12026.19,-12.03,2
73,Exit long,2023-05-02,1 ATR stop,394.24,220,87733.8,-1018.45,-1.16,17.45,444.43,0.51,-1009.77,-1.15,-13044.64,-13.04,1
73,Entry long,2023-05-01,CB V4,398.79,220,87733.8,-1018.45,-1.16,17.45,444.43,0.51,-1009.77,-1.15,-13044.64,-13.04,1
74,Exit long,2023-05-30,2R target,405.08,219,86594.79,2100.2,2.43,17.53,2109.07,2.44,-615.29,-0.71,-10944.44,-10.94,12
74,Entry long,2023-05-11,CB V4,395.41,219,86594.79,2100.2,2.43,17.53,2109.07,2.44,-615.29,-0.71,-10944.44,-10.94,12
75,Exit long,2023-09-06,1 ATR stop,430.47,204,88766.52,-968.3,-1.09,17.66,386.88,0.44,-959.52,-1.08,-11912.74,-11.91,3
75,Entry long,2023-08-31,CB V4,435.13,204,88766.52,-968.3,-1.09,17.66,386.88,0.44,-959.52,-1.08,-11912.74,-11.91,3
76,Exit long,2023-10-19,1 ATR stop,413.46,210,87901.8,-1092.67,-1.24,17.47,1043.31,1.19,-1083.99,-1.23,-13005.41,-13.01,7
76,Entry long,2023-10-10,CB V4,418.58,210,87901.8,-1092.67,-1.24,17.47,1043.31,1.19,-1083.99,-1.23,-13005.41,-13.01,7
77,Exit short,2023-10-26,2R target,401.05,210,86484.3,2246.73,2.60,17.07,2255.15,2.61,-124.15,-0.14,-10758.68,-10.76,4
77,Entry short,2023-10-20,CB V4,411.83,210,86484.3,2246.73,2.60,17.07,2255.15,2.61,-124.15,-0.14,-10758.68,-10.76,4
78,Exit long,2023-11-02,2R target,416.05,220,89163.8,2349.13,2.63,18.07,2358.28,2.64,-127.72,-0.14,-8409.55,-8.41,1
78,Entry long,2023-11-01,CB V4,405.29,220,89163.8,2349.13,2.63,18.07,2358.28,2.64,-127.72,-0.14,-8409.55,-8.41,1
79,Exit long,2024-09-11,1 ATR stop,528.57,170,91123.4,-1284.6,-1.41,18.1,1095.89,1.20,-1275.61,-1.40,-9694.15,-9.69,0
79,Entry long,2024-09-11,CB V4,536.02,170,91123.4,-1284.6,-1.41,18.1,1095.89,1.20,-1275.61,-1.40,-9694.15,-9.69,0
80,Exit long,2024-09-26,2R target,562.82,165,90218.7,2628.29,2.91,18.31,2637.58,2.92,-53.57,-0.06,-7065.86,-7.07,9
80,Entry long,2024-09-13,CB V4,546.78,165,90218.7,2628.29,2.91,18.31,2637.58,2.92,-53.57,-0.06,-7065.86,-7.07,9
81,Exit short,2024-11-18,Margin call,577.63,4,2297.64,-13.34,-0.58,0.46,3.17,0.14,-13.11,-0.57,-7088.22,-7.09,0
81,Entry short,2024-11-18,CB V4,574.41,4,2297.64,-13.34,-0.58,0.46,3.17,0.14,-13.11,-0.57,-7088.22,-7.09,0
82,Exit short,2024-11-21,1 ATR stop,581.47,157,90182.37,-1126.57,-1.25,18.15,326.96,0.36,-1117.44,-1.24,-8205.77,-8.21,3
82,Entry short,2024-11-18,CB V4,574.41,157,90182.37,-1126.57,-1.25,18.15,326.96,0.36,-1117.44,-1.24,-8205.77,-8.21,3
83,Exit long,2024-12-04,2R target,593.62,157,91330.04,1849.85,2.03,18.45,1859.17,2.04,-89.2,-0.10,-6355.92,-6.36,7
83,Entry long,2024-11-22,CB V4,581.72,157,91330.04,1849.85,2.03,18.45,1859.17,2.04,-89.2,-0.10,-6355.92,-6.36,7
84,Exit long,2024-12-30,1 ATR stop,574.81,161,93532.95,-1007.15,-1.08,18.61,1824.44,1.95,-997.89,-1.07,-7363.07,-7.36,4
84,Entry long,2024-12-23,CB V4,580.95,161,93532.95,-1007.15,-1.08,18.61,1824.44,1.95,-997.89,-1.07,-7363.07,-7.36,4
85,Exit long,2025-02-03,1 ATR stop,582.68,155,92579.95,-2282.84,-2.47,18.29,362.74,0.39,-2273.81,-2.46,-9645.91,-9.65,1
85,Entry long,2025-01-31,CB V4,597.29,155,92579.95,-2282.84,-2.47,18.29,362.74,0.39,-2273.81,-2.46,-9645.91,-9.65,1
86,Exit long,2025-02-25,1 ATR stop,583.38,152,89762.08,-1106.16,-1.23,17.84,1871.26,2.08,-1097.3,-1.22,-10752.07,-10.75,13
86,Entry long,2025-02-05,CB V4,590.54,152,89762.08,-1106.16,-1.23,17.84,1871.26,2.08,-1097.3,-1.22,-10752.07,-10.75,13
87,Exit short,2025-03-31,2R target,540.11,159,88669.53,2774.59,3.13,17.45,2783.17,3.14,-126.53,-0.14,-7977.48,-7.98,1
87,Entry short,2025-03-28,CB V4,557.67,159,88669.53,2774.59,3.13,17.45,2783.17,3.14,-126.53,-0.14,-7977.48,-7.98,1
88,Exit long,2025-05-12,2R target,573.4,168,90716.64,5595.86,6.17,18.7,5605.49,6.18,-1012.03,-1.12,-2381.63,-2.38,8
88,Entry long,2025-04-30,CB V4,539.98,168,90716.64,5595.86,6.17,18.7,5605.49,6.18,-1012.03,-1.12,-2381.63,-2.38,8
89,Exit long,2025-10-22,1 ATR stop,658.47,146,97225.78,-1108.5,-1.14,19.34,213.66,0.22,-1098.88,-1.13,-3490.13,-3.49,1
89,Entry long,2025-10-21,CB V4,665.93,146,97225.78,-1108.5,-1.14,19.34,213.66,0.22,-1098.88,-1.13,-3490.13,-3.49,1
90,Exit long,2025-11-13,1 ATR stop,666.85,142,95760.54,-1086.89,-1.13,19.05,694.74,0.73,-1077.42,-1.13,-4577.01,-4.58,2
90,Entry long,2025-11-11,CB V4,674.37,142,95760.54,-1086.89,-1.13,19.05,694.74,0.73,-1077.42,-1.13,-4577.01,-4.58,2
91,Exit long,2026-03-09,1 ATR stop,662.86,141,95214.48,-1770.09,-1.86,18.87,2651.15,2.78,-1760.74,-1.85,-6347.1,-6.35,67
91,Entry long,2025-11-28,CB V4,675.28,141,95214.48,-1770.09,-1.86,18.87,2651.15,2.78,-1760.74,-1.85,-6347.1,-6.35,67
92,Exit long,2026-03-19,1 ATR stop,653.49,140,93077.6,-1607.46,-1.73,18.46,178.29,0.19,-1598.31,-1.72,-7954.55,-7.95,1
92,Entry long,2026-03-18,CB V4,664.84,140,93077.6,-1607.46,-1.73,18.46,178.29,0.19,-1598.31,-1.72,-7954.55,-7.95,1
93,Exit long,2026-04-08,2R target,674.65,140,90267.8,4164.73,4.61,18.47,4174.17,4.62,-193.83,-0.21,-3789.83,-3.79,3
93,Entry long,2026-04-02,CB V4,644.77,140,90267.8,4164.73,4.61,18.47,4174.17,4.62,-193.83,-0.21,-3789.83,-3.79,3
94,Exit long,2026-06-17,1 ATR stop,742.68,127,95582.74,-1281.37,-1.34,18.99,102.2,0.11,-1271.94,-1.33,-5071.2,-5.07,1
94,Entry long,2026-06-16,CB V4,752.62,127,95582.74,-1281.37,-1.34,18.99,102.2,0.11,-1271.94,-1.33,-5071.2,-5.07,1
95,Exit long,2026-07-28,Open,740.86,127,94616.27,-545.92,-0.58,9.46,1332.93,1.41,-1254.06,-1.33,-5626.58,-5.63,18
95,Entry long,2026-07-01,CB V4,745.01,127,94616.27,-545.92,-0.58,9.46,1332.93,1.41,-1254.06,-1.33,-5626.58,-5.63,18